Vis 1,-34.680851063829785,-36.20425531914894,-23.795744680851065,left
Vis 2,-34.23744292237443,-51.23287671232876,-18.721461187214615,left
Vis 3,-25.634615384615387,-44.519230769230774,-14.53846153846154,left
Vis 4,-28.01550387596899,-62.85271317829457,-12.29457364341085,left
Vis 5,-31.200000000000003,-42.65714285714286,-8.771428571428572,left
Vis 6,-34.32804232804233,-68.62433862433863,-15.777777777777779,left
Vis 7,-45.236363636363635,-66.76363636363637,-17.6,left
Vis 8,-24.803347280334734,-57.297071129707106,-8.828451882845187,left
Vis 9,-35.96511627906977,-80.01162790697674,-14.74418604651163,left
Vis 10,-25.784946236559136,-80.38709677419355,-13.096774193548384,left
Vis 11,-21.23720930232558,-74.01860465116279,-8.846511627906978,left
Vis 12,-44.945454545454545,-72.14545454545456,-10.967272727272729,left
Vis 13,-21.52380952380952,-50.03174603174604,-6.111111111111114,left
Vis 14,-20.190909090909088,-88.30909090909091,-16.163636363636364,left
Vis 15,-42.36942675159236,-83.69426751592357,-14.191082802547768,left
Vis 16,-13.84210526315789,-70.92105263157895,-9.526315789473685,left
Vis 17,-13.131147540983605,-83.40983606557377,-14.295081967213115,left
Vis 18,-30.799999999999997,-90.85333333333332,-17.946666666666665,left
Vis 19,-14.625,-63.65,-5.325000000000003,left
Vis 20,-15.508196721311478,-38.393442622950815,-10.85245901639344,left
Vis 21,-45.91150442477876,-71.2920353982301,-2.86725663716814,left
Vis 22,-13.246376811594203,-49.768115942028984,-6.985507246376812,left
Vis 23,-6.480519480519476,-78.42857142857143,-7.038961038961034,left
Vis 24,-34.45255474452555,-91.7080291970803,-9.620437956204377,left
Vis 25,-10.158415841584159,-60.851485148514854,-2.871287128712865,left
Vis 26,-6.19130434782609,-70.57391304347826,-2.0,left
Vis 27,-5.10734463276836,-89.81920903954801,-12.89265536723164,left
Vis 28,-20.457142857142856,-99.2,-11.853968253968254,left
Vis 29,-45.54871794871795,-81.83589743589744,-1.3128205128205082,left
Vis 30,-10.06535947712419,-97.58169934640523,-12.065359477124183,left
Vis 31,-13.487804878048777,-41.756097560975604,-4.512195121951223,left
Vis 32,-7.41463414634147,-61.1219512195122,2.7804878048780495,left
Vis 33,-29.375,-95.92857142857143,-2.4285714285714306,left
Vis 34,-36.43589743589744,-89.1923076923077,0.9230769230769198,left
Vis 35,-5.291139240506325,-79.08860759493672,2.607594936708864,left
Vis 36,-43.9125,-70.775,6.599999999999994,left
Vis 37,-4.945454545454552,-68.9090909090909,6.36363636363636,left
Vis 38,-16.51034482758621,-55.21379310344828,0.7034482758620726,left
Vis 39,-8.57142857142857,-94.58823529411765,-2.033613445378151,left
Vis 40,-6.063829787234042,-102.97872340425532,-1.0638297872340416,left
Vis 41,-12.272727272727266,-45.93939393939394,2.2727272727272663,left
Vis 42,-48.149068322981364,-77.91304347826087,8.9192546583851,left
Vis 43,-6.765100671140942,-87.6778523489933,2.053691275167779,left
Vis 44,-17.872093023255815,-102.09302325581396,2.9069767441860535,left
Vis 45,-43.16216216216216,-85.64864864864865,10.027027027027032,left
Vis 46,-16.92682926829268,-68.04878048780488,4.073170731707322,left
Vis 47,-11.033333333333331,-75.06666666666666,8.88333333333334,left
Vis 48,-13.942857142857136,-50.85714285714286,4.914285714285711,left
Vis 49,-24.777358490566044,-94.95849056603774,7.909433962264146,left
Vis 50,-23.755102040816325,-59.22448979591837,5.306122448979593,left
Vis 51,-7.463414634146346,-81.7560975609756,9.951219512195124,left
Vis 52,-3.854545454545459,-94.94545454545454,4.799999999999997,left
Vis 53,-32.20814479638009,-87.7556561085973,9.610859728506782,left
Vis 54,-8.76086956521739,-99.8913043478261,10.902173913043484,left
Vis 55,-16.700000000000003,-57.900000000000006,8.200000000000003,left
Vis 56,-18.045112781954884,-64.9624060150376,9.203007518796994,left
Vis 57,-8.358208955223887,-69.52238805970148,12.119402985074629,left
Vis 58,-17.744966442953015,-98.2281879194631,17.127516778523486,left
Vis 59,-48.38461538461539,-75.07692307692308,20.230769230769226,left
Vis 60,-2.92307692307692,-79.84615384615384,12.15384615384616,left
Vis 61,-41.89787234042553,-80.22978723404256,16.55319148936171,left
Vis 62,-4.5507246376811565,-92.69565217391305,16.94202898550725,left
Vis 63,-18.66666666666667,-59.8974358974359,16.615384615384613,left
Vis 64,-25.113043478260863,-91.11304347826086,20.19130434782609,left
Vis 65,-34.549019607843135,-89.88235294117646,19.215686274509807,left
Vis 66,-7.164179104477611,-68.02985074626866,16.388059701492537,left
Vis 67,-3.7979797979797922,-82.24242424242425,20.707070707070713,left
Vis 68,-10.052173913043475,-95.30434782608695,25.61739130434782,left
Vis 69,-16.52307692307693,-67.07692307692308,17.41538461538461,left
Vis 70,-17.318918918918925,-89.72972972972973,23.178378378378383,left
Vis 71,-4.747826086956522,-77.07826086956521,27.47826086956522,left
Vis 72,-27.158730158730158,-81.0,19.42857142857143,left
Vis 73,-5.692307692307693,-88.58974358974359,32.47435897435898,left
Vis 74,-31.48275862068966,-84.87931034482759,25.58620689655173,left
Vis 75,-13.936000000000007,-74.864,24.319999999999993,left
Vis 76,-17.169811320754718,-89.14465408805032,33.62264150943396,left
Vis 77,-23.862745098039213,-81.45098039215686,29.15686274509804,left
Vis 78,-12.08391608391608,-80.51748251748252,34.74125874125875,left
Vis 79,-14.432432432432435,-85.74774774774775,42.03603603603604,left
Vis 80,-22.651685393258433,-81.48314606741573,41.95505617977528,left
Vis 81,-12.559322033898312,-78.98305084745763,44.86440677966101,left
SomMot 1,-49.82692307692308,5.673076923076934,-8.182692307692307,left
SomMot 2,-55.65094339622642,-3.245283018867923,-0.6509433962264097,left
SomMot 3,-62.36363636363636,-11.36363636363636,3.0606060606060623,left
SomMot 4,-65.20588235294117,-18.529411764705884,6.147058823529406,left
SomMot 5,-52.515151515151516,-13.666666666666671,6.63636363636364,left
SomMot 6,-42.72,-19.343999999999994,2.975999999999999,left
SomMot 7,-65.72413793103448,-29.701149425287355,5.65517241379311,left
SomMot 8,-52.65771812080537,-20.322147651006716,6.107382550335572,left
SomMot 9,-59.66459627329192,-26.099378881987576,10.086956521739125,left
SomMot 10,-40.927536231884055,-23.79710144927536,11.246376811594203,left
SomMot 11,-33.56521739130435,-24.31884057971014,9.85507246376811,left
SomMot 12,-36.05555555555556,-14.277777777777771,13.888888888888886,left
SomMot 13,-62.03333333333333,-39.66666666666667,9.13333333333334,left
SomMot 14,-42.78260869565217,-29.85507246376811,8.463768115942031,left
SomMot 15,-33.40983606557377,-30.88524590163935,16.426229508196727,left
SomMot 16,-33.83783783783784,-22.540540540540547,18.486486486486484,left
SomMot 17,-40.229885057471265,-13.149425287356323,17.816091954022994,left
SomMot 18,-48.52307692307692,-33.661538461538456,11.107692307692304,left
SomMot 19,-54.3421052631579,-46.71052631578948,14.131578947368425,left
SomMot 20,-59.00469483568075,-36.3943661971831,15.718309859154928,left
SomMot 21,-47.6,-13.443478260869568,13.878260869565224,left
SomMot 22,-54.666666666666664,-7.333333333333329,9.111111111111114,left
SomMot 23,-64.6896551724138,-45.93103448275862,14.689655172413794,left
SomMot 24,-38.94736842105263,-26.084210526315786,19.936842105263153,left
SomMot 25,-39.700934579439256,-36.373831775700936,16.485981308411212,left
SomMot 26,-57.520833333333336,-14.395833333333329,15.041666666666671,left
SomMot 27,-60.25225225225225,-3.2252252252252305,11.603603603603602,left
SomMot 28,-48.693548387096776,-21.967741935483872,18.38709677419355,left
SomMot 29,-64.96153846153845,-11.269230769230774,15.730769230769226,left
SomMot 30,-47.38181818181818,-30.290909090909096,17.981818181818184,left
SomMot 31,-61.37142857142857,-17.923809523809524,20.419047619047618,left
SomMot 32,-60.234042553191486,1.5106382978723474,22.06382978723404,left
SomMot 33,-59.515151515151516,-6.525252525252526,19.292929292929287,left
SomMot 34,-63.69387755102041,-9.693877551020407,27.93877551020408,left
SomMot 35,-56.784615384615385,-1.646153846153851,28.953846153846158,left
SomMot 36,-53.843971631205676,-9.900709219858157,31.078014184397162,left
SomMot 37,-60.79245283018868,-10.679245283018872,39.05660377358491,left
SomMot 38,-53.54782608695652,-5.078260869565213,36.57391304347826,left
SomMot 39,-55.18709677419355,-18.954838709677418,41.6258064516129,left
SomMot 40,-49.16030534351145,-16.10687022900764,40.58015267175573,left
SomMot 41,-43.97402597402598,-13.038961038961034,37.42857142857143,left
SomMot 42,-7.793103448275858,-6.731034482758616,41.64137931034483,left
SomMot 43,-52.145833333333336,-3.5416666666666714,47.26041666666667,left
SomMot 44,-56.45454545454545,-16.86363636363636,50.63636363636364,left
SomMot 45,-46.95348837209303,-27.441860465116278,44.53488372093024,left
SomMot 46,-39.083333333333336,-18.54166666666667,40.41666666666667,left
SomMot 47,-7.885714285714286,-9.29523809523809,47.695238095238096,left
SomMot 48,-50.968152866242036,-25.82165605095541,54.62420382165605,left
SomMot 49,-43.37096774193548,-11.967741935483872,50.322580645161295,left
SomMot 50,-47.13253012048193,-17.228915662650607,53.433734939759034,left
SomMot 51,-8.15533980582525,-19.24271844660194,47.47572815533981,left
SomMot 52,-35.1578947368421,-20.05263157894737,45.473684210526315,left
SomMot 53,-39.58904109589041,-5.013698630136986,58.10958904109589,left
SomMot 54,-6.0,-27.975903614457835,50.48192771084338,left
SomMot 55,-4.430769230769229,-11.661538461538456,54.43076923076923,left
SomMot 56,-39.62352941176471,-15.529411764705884,57.7764705882353,left
SomMot 57,-43.4300518134715,-32.16580310880829,63.28497409326425,left
SomMot 58,-39.23880597014925,-25.731343283582092,54.40298507462687,left
SomMot 59,-33.075949367088604,-45.265822784810126,61.354430379746844,left
SomMot 60,-5.088607594936704,-22.531645569620252,57.03797468354429,left
SomMot 61,-33.36585365853659,-38.5040650406504,61.70731707317074,left
SomMot 62,-8.868686868686865,-40.525252525252526,57.73737373737373,left
SomMot 63,-27.248826291079816,-11.389671361502351,60.4600938967136,left
SomMot 64,-35.160493827160494,-16.629629629629633,67.39506172839506,left
SomMot 65,-4.885714285714286,-11.771428571428572,62.97142857142856,left
SomMot 66,-31.10798122065728,-28.93896713615024,62.685446009389665,left
SomMot 67,-29.690909090909088,-24.47272727272727,60.43636363636364,left
SomMot 68,-3.569892473118273,-32.58064516129032,58.94623655913978,left
SomMot 69,-25.34939759036145,-40.168674698795186,62.02409638554218,left
SomMot 70,-24.45833333333333,-47.22916666666667,63.60416666666666,left
SomMot 71,-24.0,-11.849999999999994,71.32499999999999,left
SomMot 72,-29.200000000000003,-33.0,71.63333333333333,left
SomMot 73,-4.341463414634148,-21.65853658536585,64.90243902439025,left
SomMot 74,-21.8125,-29.0,56.0,left
SomMot 75,-16.14953271028037,-10.037383177570092,66.3177570093458,left
SomMot 76,-10.938271604938265,-45.1358024691358,69.92592592592592,left
SomMot 77,-23.200000000000003,-20.950000000000003,71.51666666666668,left
SomMot 78,-5.0909090909090935,-42.3896103896104,65.45454545454547,left
SomMot 79,-20.151515151515156,-50.3030303030303,68.13636363636363,left
SomMot 80,-17.6140350877193,-26.035087719298247,64.35087719298247,left
SomMot 81,-22.55319148936171,-38.170212765957444,70.6241134751773,left
SomMot 82,-12.412698412698418,-8.539682539682545,71.26984126984127,left
SomMot 83,-14.175824175824175,-49.51648351648352,72.96703296703296,left
SomMot 84,-19.51136363636364,-30.795454545454547,68.1590909090909,left
SomMot 85,-16.599999999999994,-14.488888888888894,74.6888888888889,left
SomMot 86,-7.15789473684211,-16.192982456140356,74.35087719298247,left
SomMot 87,-3.6590909090909065,-29.86363636363636,71.1590909090909,left
SomMot 88,-8.20930232558139,-40.0,75.76744186046511,left
SomMot 89,-17.31782945736434,-38.79069767441861,74.27906976744185,left
SomMot 90,-12.0695652173913,-26.41739130434783,73.26956521739132,left
SomMot 91,-9.900000000000006,-34.0,72.275,left
DorsAttn Post 1,-44.50777202072539,-41.129533678756474,-21.616580310880828,left
DorsAttn Post 2,-50.666666666666664,-48.94594594594595,-20.54054054054054,left
DorsAttn Post 3,-42.51898734177215,-53.31645569620254,-16.9746835443038,left
DorsAttn Post 4,-44.69281045751634,-57.725490196078425,-10.614379084967318,left
DorsAttn Post 5,-47.34615384615385,-62.333333333333336,-5.487179487179489,left
DorsAttn Post 6,-57.32923076923077,-59.28,-4.978461538461545,left
DorsAttn Post 7,-48.270833333333336,-65.1875,1.3125,left
DorsAttn Post 8,-54.15384615384615,-67.81538461538462,5.569230769230771,left
DorsAttn Post 9,-57.80555555555556,-59.91666666666667,6.041666666666671,left
DorsAttn Post 10,-49.10958904109589,-61.61643835616438,10.301369863013704,left
DorsAttn Post 11,-48.03305785123967,-69.2396694214876,16.0495867768595,left
DorsAttn Post 12,-45.06818181818182,-62.29545454545455,15.818181818181813,left
DorsAttn Post 13,-43.34065934065934,-71.45054945054946,22.813186813186817,left
DorsAttn Post 14,-39.114754098360656,-86.95081967213115,24.52459016393442,left
DorsAttn Post 15,-43.45070422535211,-78.1830985915493,27.774647887323937,left
DorsAttn Post 16,-34.96969696969697,-84.81818181818181,33.878787878787875,left
DorsAttn Post 17,-30.492753623188406,-76.78260869565217,29.826086956521735,left
DorsAttn Post 18,-27.333333333333336,-70.62222222222222,26.977777777777774,left
DorsAttn Post 19,-56.96666666666667,-22.66666666666667,38.2,left
DorsAttn Post 20,-22.804878048780495,-72.5609756097561,35.609756097560975,left
DorsAttn Post 21,-26.84722222222222,-67.125,37.013888888888886,left
DorsAttn Post 22,-58.62711864406779,-30.067796610169495,44.7457627118644,left
DorsAttn Post 23,-51.86915887850467,-27.28971962616822,41.719626168224295,left
DorsAttn Post 24,-51.86363636363637,-33.727272727272734,45.33333333333333,left
DorsAttn Post 25,-41.564516129032256,-39.20967741935483,41.79032258064517,left
DorsAttn Post 26,-24.118811881188122,-64.25742574257426,47.16831683168317,left
DorsAttn Post 27,-17.695652173913047,-77.02898550724638,50.55072463768116,left
DorsAttn Post 28,-42.50769230769231,-32.661538461538456,42.63076923076923,left
DorsAttn Post 29,-19.327433628318587,-68.77876106194691,46.35398230088495,left
DorsAttn Post 30,-32.68571428571428,-39.51428571428572,42.62857142857143,left
DorsAttn Post 31,-28.486486486486484,-58.86486486486487,50.89189189189189,left
DorsAttn Post 32,-32.375,-47.5,46.66071428571429,left
DorsAttn Post 33,-27.567567567567565,-53.62162162162163,48.86486486486487,left
DorsAttn Post 34,-6.2222222222222285,-76.83333333333334,52.138888888888886,left
DorsAttn Post 35,-40.83582089552239,-35.656716417910445,51.40298507462687,left
DorsAttn Post 36,-26.075000000000003,-64.825,56.82499999999999,left
DorsAttn Post 37,-28.166666666666664,-57.08333333333333,57.125,left
DorsAttn Post 38,-15.177215189873422,-71.89873417721519,55.01265822784811,left
DorsAttn Post 39,-38.32941176470588,-41.929411764705875,56.823529411764696,left
DorsAttn Post 40,-36.94736842105263,-52.55263157894737,57.56578947368422,left
DorsAttn Post 41,-8.231578947368419,-69.70526315789473,59.68421052631578,left
DorsAttn Post 42,-21.33333333333333,-68.21428571428572,62.28571428571428,left
DorsAttn Post 43,-29.061728395061728,-60.96296296296296,62.81481481481481,left
DorsAttn Post 44,-4.354166666666671,-52.97916666666667,58.0625,left
DorsAttn Post 45,-6.9090909090909065,-61.190082644628106,60.56198347107437,left
DorsAttn Post 46,-14.697674418604649,-63.651162790697676,60.627906976744185,left
DorsAttn Post 47,-31.957894736842107,-52.10526315789474,67.15789473684211,left
DorsAttn Post 48,-22.504065040650403,-58.130081300813,64.78048780487805,left
DorsAttn Post 49,-6.821052631578951,-53.473684210526315,67.19999999999999,left
DorsAttn Post 50,-14.30263157894737,-58.776315789473685,67.06578947368422,left
DorsAttn FEF 1,-42.39306358381503,-2.3005780346820757,49.94219653179191,left
DorsAttn FEF 2,-28.68208092485549,3.560693641618485,57.468208092485554,left
DorsAttn FEF 3,-32.78504672897196,-3.2990654205607512,51.26168224299066,left
DorsAttn FEF 4,-24.086330935251794,-5.280575539568346,52.086330935251794,left
DorsAttn FEF 5,-22.33098591549296,7.0140845070422415,61.232394366197184,left
DorsAttn FEF 6,-20.538461538461533,-5.59615384615384,60.19230769230768,left
DorsAttn FEF 7,-19.209580838323348,-0.37125748502994327,68.83832335329342,left
DorsAttn PrCv 1,-51.30935251798561,5.669064748201436,27.107913669064743,left
DorsAttn PrCv 2,-54.5,6.65789473684211,34.89473684210526,left
DorsAttn PrCv 3,-41.53191489361702,2.340425531914889,31.191489361702125,left
DorsAttn PrCv 4,-49.06153846153846,1.6923076923076934,38.84615384615384,left
SalVentAttn ParOper 1,-46.763636363636365,-38.981818181818184,23.52727272727273,left
SalVentAttn ParOper 2,-58.696774193548386,-44.89032258064516,22.799999999999997,left
SalVentAttn ParOper 3,-60.01428571428572,-24.614285714285714,20.214285714285708,left
SalVentAttn ParOper 4,-53.38461538461539,-41.18681318681318,30.065934065934073,left
SalVentAttn ParOper 5,-58.188481675392666,-31.675392670157066,23.518324607329845,left
SalVentAttn ParOper 6,-61.77777777777778,-43.87037037037037,31.037037037037038,left
SalVentAttn ParOper 7,-58.97938144329897,-18.76288659793815,30.536082474226802,left
SalVentAttn ParOper 8,-61.24509803921569,-36.147058823529406,33.53921568627452,left
SalVentAttn ParOper 9,-63.91509433962264,-26.924528301886795,34.61320754716981,left
SalVentAttn TempOcc 1,-56.554621848739494,-57.10924369747899,13.949579831932766,left
SalVentAttn TempOcc 2,-47.625,-50.34375,12.5625,left
SalVentAttn FrOperIns 1,-36.54545454545455,5.636363636363626,-15.81818181818182,left
SalVentAttn FrOperIns 2,-38.9537037037037,0.9444444444444429,-9.388888888888886,left
SalVentAttn FrOperIns 3,-37.55813953488372,10.023255813953483,-1.2558139534883708,left
SalVentAttn FrOperIns 4,-40.83582089552239,-9.820895522388057,-9.582089552238806,left
SalVentAttn FrOperIns 5,-34.7027027027027,29.594594594594582,-0.8378378378378386,left
SalVentAttn FrOperIns 6,-45.901234567901234,-12.419753086419746,-4.543209876543216,left
SalVentAttn FrOperIns 7,-31.509803921568626,19.686274509803923,3.3725490196078454,left
SalVentAttn FrOperIns 8,-39.1875,-2.112499999999997,1.6875,left
SalVentAttn FrOperIns 9,-38.76836158192091,-15.435028248587571,2.5423728813559308,left
SalVentAttn FrOperIns 10,-32.75,25.77777777777777,7.388888888888886,left
SalVentAttn FrOperIns 11,-31.56818181818182,13.340909090909093,10.25,left
SalVentAttn FrOperIns 12,-36.095238095238095,-2.914285714285711,9.80952380952381,left
SalVentAttn FrOperIns 13,-37.46478873239437,18.563380281690144,7.9718309859154886,left
SalVentAttn FrOperIns 14,-38.21333333333333,6.240000000000009,10.560000000000002,left
SalVentAttn FrOperIns 15,-37.5,-3.714285714285708,16.64285714285714,left
SalVentAttn FrOperIns 16,-43.04761904761905,12.857142857142861,1.9285714285714306,left
SalVentAttn FrOperIns 17,-44.275862068965516,-2.0,12.103448275862064,left
SalVentAttn FrOperIns 18,-45.793103448275865,6.873563218390814,1.2643678160919478,left
SalVentAttn FrOperIns 19,-47.70873786407767,-3.5145631067961176,6.5631067961165,left
SalVentAttn FrOperIns 20,-53.810526315789474,5.89473684210526,1.4947368421052687,left
SalVentAttn FrOperIns 21,-58.02702702702703,1.5945945945945965,7.567567567567565,left
SalVentAttn FrOperIns 22,-55.03225806451613,8.112903225806463,11.887096774193552,left
SalVentAttn FrOperIns 23,-58.705882352941174,5.323529411764696,16.705882352941174,left
SalVentAttn PFCl 1,-29.77653631284916,41.84357541899442,30.54189944134079,left
SalVentAttn PFCl 2,-25.567999999999998,37.328,39.120000000000005,left
SalVentAttn Med 1,-7.298245614035082,27.438596491228083,28.25730994152046,left
SalVentAttn Med 2,-5.939393939393938,15.863636363636374,31.212121212121218,left
SalVentAttn Med 3,-3.5833333333333286,1.1666666666666714,35.52777777777777,left
SalVentAttn Med 4,-7.637681159420296,5.681159420289845,38.95652173913044,left
SalVentAttn Med 5,-7.361702127659569,-18.468085106382972,38.808510638297875,left
SalVentAttn Med 6,-6.271844660194176,17.097087378640765,40.09708737864078,left
SalVentAttn Med 7,-11.182795698924735,-31.397849462365585,39.59139784946237,left
SalVentAttn Med 8,-11.682926829268297,-20.170731707317074,40.024390243902445,left
SalVentAttn Med 9,-13.625,-40.45,45.2,left
SalVentAttn Med 10,-6.38297872340425,3.2765957446808613,49.59574468085107,left
SalVentAttn Med 11,-12.395061728395063,-28.66666666666667,43.90123456790124,left
SalVentAttn Med 12,-5.28125,-49.90625,51.125,left
SalVentAttn Med 13,-10.857142857142861,-45.37662337662337,52.64935064935065,left
SalVentAttn Med 14,-12.0,-36.77142857142857,50.2,left
SalVentAttn Med 15,-5.239436619718305,3.267605633802816,58.760563380281695,left
SalVentAttn Med 16,-8.666666666666671,-48.13333333333334,59.866666666666674,left
SalVentAttn Med 17,-4.417910447761187,-2.0597014925373145,63.88059701492537,left
SalVentAttn Med 18,-12.92857142857143,6.071428571428584,68.42857142857142,left
SalVentAttn Med 19,-8.337078651685388,-2.8089887640449405,71.20224719101122,left
Limbic OFC 1,-19.262135922330103,12.893203883495147,-21.844660194174757,left
Limbic OFC 2,-12.910714285714292,21.23214285714286,-16.964285714285715,left
Limbic OFC 3,-14.07142857142857,23.75,-23.767857142857146,left
Limbic OFC 4,-9.976470588235287,34.329411764705895,-21.95294117647059,left
Limbic OFC 5,-27.304347826086953,15.373913043478268,-23.060869565217388,left
Limbic OFC 6,-6.905660377358487,19.547169811320742,-22.056603773584904,left
Limbic OFC 7,-24.345323741007192,28.12949640287769,-17.23741007194245,left
Limbic OFC 8,-18.963855421686745,40.9558232931727,-18.93172690763052,left
Limbic OFC 9,-3.8922155688622695,37.67664670658684,-22.275449101796404,left
Limbic OFC 10,-8.966942148760324,50.50413223140495,-22.735537190082646,left
Limbic OFC 11,-3.857142857142861,19.47619047619048,-17.317460317460316,left
Limbic OFC 12,-4.538461538461533,16.461538461538453,-10.0,left
Limbic OFC 13,-9.775280898876403,63.078651685393254,-15.033707865168537,left
Limbic OFC 14,-22.29875518672199,61.56846473029046,-11.037344398340252,left
Limbic TempPole 1,-28.621118012422357,1.0351966873706004,-42.85300207039337,left
Limbic TempPole 2,-42.92765957446809,-2.3574468085106446,-42.9531914893617,left
Limbic TempPole 3,-37.608695652173914,-11.20289855072464,-37.608695652173914,left
Limbic TempPole 4,-28.28019323671498,-7.9323671497584485,-34.2512077294686,left
Limbic TempPole 5,-50.85446009389671,-13.802816901408448,-36.53521126760563,left
Limbic TempPole 6,-18.689655172413794,-1.7931034482758577,-29.93103448275862,left
Limbic TempPole 7,-38.88607594936709,-18.219409282700425,-28.531645569620252,left
Limbic TempPole 8,-36.694117647058825,16.854901960784304,-34.0,left
Limbic TempPole 9,-26.49640287769784,7.352517985611513,-29.453237410071942,left
Limbic TempPole 10,-43.6875,-29.953125,-21.78125,left
Limbic TempPole 11,-53.08849557522124,-31.159292035398224,-27.035398230088497,left
Limbic TempPole 12,-20.07185628742515,-14.69461077844312,-29.053892215568865,left
Limbic TempPole 13,-31.48502994011976,-23.06586826347305,-25.66467065868263,left
Limbic TempPole 14,-37.34426229508197,8.721311475409834,-24.786885245901637,left
Limbic TempPole 15,-44.526881720430104,6.225806451612897,-16.354838709677416,left
Cont Par 1,-28.83132530120482,-77.28915662650601,41.21686746987952,left
Cont Par 2,-59.25547445255474,-41.13868613138686,43.839416058394164,left
Cont Par 3,-57.12328767123287,-46.849315068493155,45.0958904109589,left
Cont Par 4,-32.09722222222222,-69.15277777777777,50.70833333333333,left
Cont Par 5,-48.51376146788991,-55.52293577981651,51.50458715596331,left
Cont Par 6,-50.74074074074074,-47.407407407407405,53.80246913580247,left
Cont Par 7,-54.74193548387097,-39.483870967741936,50.677419354838705,left
Cont Par 8,-38.21052631578947,-60.88421052631578,51.09473684210526,left
Cont Par 9,-47.53982300884956,-41.610619469026545,49.858407079646014,left
Cont Par 10,-41.71764705882353,-53.69411764705882,48.705882352941174,left
Cont Par 11,-43.66315789473684,-46.88421052631578,48.33684210526316,left
Cont Par 12,-28.666666666666664,-66.0,48.04761904761905,left
Cont Par 13,-33.24444444444445,-58.95555555555555,43.53333333333333,left
Cont Par 14,-36.42622950819672,-46.49180327868852,39.24590163934427,left
Cont Par 15,-32.21052631578947,-52.88421052631578,41.32631578947368,left
Cont Temp 1,-59.35714285714286,-38.91071428571429,-20.464285714285715,left
Cont Temp 2,-55.35960591133005,-56.92610837438424,-17.064039408866996,left
Cont Temp 3,-59.95876288659794,-47.23711340206185,-11.845360824742265,left
Cont Temp 4,-62.26086956521739,-49.21739130434783,-2.608695652173907,left
Cont PFCd 1,-23.673913043478265,13.413043478260875,52.086956521739125,left
Cont PFCl 1,-40.65185185185185,51.192592592592604,-3.1111111111111143,left
Cont PFCl 2,-46.99236641221374,41.679389312977094,3.6488549618320576,left
Cont PFCl 3,-38.50566037735849,49.79622641509434,6.860377358490567,left
Cont PFCl 4,-50.91428571428571,32.31999999999999,12.228571428571428,left
Cont PFCl 5,-29.0187265917603,56.11235955056179,9.865168539325836,left
Cont PFCl 6,-42.84251968503937,37.62204724409449,13.527559055118104,left
Cont PFCl 7,-49.06832298136646,10.993788819875789,12.099378881987576,left
Cont PFCl 8,-44.80239520958084,25.437125748503007,19.736526946107787,left
Cont PFCl 9,-38.086687306501545,45.60371517027863,18.588235294117652,left
Cont PFCl 10,-47.477777777777774,15.044444444444451,24.900000000000006,left
Cont PFCl 11,-47.86274509803921,6.5098039215686185,21.725490196078425,left
Cont PFCl 12,-28.769874476987447,50.17573221757323,22.10041841004184,left
Cont PFCl 13,-41.30952380952381,33.88095238095238,22.92857142857143,left
Cont PFCl 14,-43.338181818181816,23.02545454545455,27.316363636363633,left
Cont PFCl 15,-42.62433862433863,37.07936507936509,29.576719576719583,left
Cont PFCl 16,-37.131147540983605,8.377049180327873,27.032786885245898,left
Cont PFCl 17,-45.16279069767442,21.34883720930233,35.32093023255814,left
Cont PFCl 18,-38.90625,9.84375,32.84375,left
Cont PFCl 19,-34.58441558441559,32.27272727272728,38.51298701298701,left
Cont PFCl 20,-39.91379310344828,3.4655172413793025,36.87931034482759,left
Cont OFC 1,-27.15942028985507,47.178743961352666,-13.526570048309182,left
Cont PFCv 1,-34.92857142857143,15.800000000000011,-7.314285714285717,left
Cont PFCv 2,-31.41025641025641,23.71794871794873,-3.1538461538461604,left
Cont pCun 1,-10.512820512820511,-69.5042735042735,30.83760683760684,left
Cont pCun 2,-9.886178861788622,-72.8130081300813,38.32520325203252,left
Cont pCun 3,-3.9661016949152526,-76.77966101694915,44.406779661016955,left
Cont pCun 4,-5.242105263157896,-65.83157894736843,51.810526315789474,left
Cont Cing 1,-4.047619047619051,18.52380952380952,23.095238095238102,left
Cont Cing 2,-6.5,-37.55,24.849999999999994,left
Cont Cing 3,-5.707317073170728,-26.195121951219505,27.463414634146346,left
Cont Cing 4,-4.074074074074076,8.296296296296305,27.259259259259252,left
Cont Cing 5,-4.390243902439025,-12.78048780487805,29.463414634146346,left
Cont Cing 6,-4.666666666666671,-1.2222222222222285,30.444444444444443,left
Cont Cing 7,-3.8333333333333286,-32.25,28.66666666666667,left
Cont Cing 8,-3.4666666666666686,-23.066666666666663,30.933333333333337,left
Cont PFCmp 1,-4.615384615384613,24.45054945054946,47.7032967032967,left
Cont PFCmp 2,-5.910112359550567,14.089887640449433,53.34831460674157,left
Default Par 1,-47.51807228915663,-57.95180722891567,18.096385542168676,left
Default Par 2,-46.72,-50.519999999999996,19.760000000000005,left
Default Par 3,-59.829268292682926,-52.65853658536585,18.5609756097561,left
Default Par 4,-45.59748427672956,-64.74213836477988,23.308176100628927,left
Default Par 5,-43.6695652173913,-56.278260869565216,25.58260869565217,left
Default Par 6,-52.11009174311926,-54.917431192660544,25.522935779816507,left
Default Par 7,-61.42857142857143,-54.02197802197803,25.64835164835165,left
Default Par 8,-46.869565217391305,-70.97391304347826,30.0695652173913,left
Default Par 9,-47.88321167883212,-64.0,31.25547445255475,left
Default Par 10,-45.41935483870968,-57.03225806451613,34.74193548387096,left
Default Par 11,-54.29545454545455,-57.477272727272734,33.15909090909091,left
Default Par 12,-38.38297872340426,-77.51063829787233,39.72340425531915,left
Default Par 13,-58.592592592592595,-50.93333333333334,34.08888888888889,left
Default Par 14,-46.7319587628866,-69.20618556701031,39.52577319587628,left
Default Par 15,-46.016806722689076,-61.39495798319328,42.82352941176471,left
Default Par 16,-54.0,-59.23809523809524,41.61904761904762,left
Default Par 17,-37.0,-72.15094339622641,48.43396226415095,left
Default Par 18,-52.33566433566433,-50.86713286713287,41.56643356643356,left
Default Par 19,-43.1063829787234,-64.36170212765958,51.63829787234043,left
Default Temp 1,-46.07168458781362,7.154121863799276,-36.78853046594982,left
Default Temp 2,-52.61254612546126,-5.416974169741692,-31.594095940959413,left
Default Temp 3,-58.96969696969697,-21.77489177489177,-26.225108225108222,left
Default Temp 4,-54.62447257383966,4.143459915611828,-26.36286919831224,left
Default Temp 5,-48.157575757575756,14.896969696969705,-24.084848484848486,left
Default Temp 6,-61.4874651810585,-15.264623955431759,-20.813370473537603,left
Default Temp 7,-52.47457627118644,6.768361581920914,-16.88135593220339,left
Default Temp 8,-62.20754716981132,-33.301886792452834,-14.150943396226417,left
Default Temp 9,-59.06666666666666,-9.61666666666666,-13.899999999999999,left
Default Temp 10,-64.25641025641025,-24.700854700854705,-8.29059829059829,left
Default Temp 11,-53.3968253968254,-3.8730158730158735,-11.195767195767196,left
Default Temp 12,-65.85611510791367,-36.690647482014384,-5.985611510791372,left
Default Temp 13,-51.960396039603964,-21.524752475247524,-8.534653465346537,left
Default Temp 14,-56.92982456140351,-31.28070175438596,-5.15789473684211,left
Default Temp 15,-57.58288770053476,-13.604278074866315,-4.352941176470594,left
Default Temp 16,-62.58823529411765,-41.294117647058826,0.720588235294116,left
Default Temp 17,-48.857142857142854,-33.78571428571429,-2.261904761904759,left
Default Temp 18,-57.15428571428571,-23.817142857142855,-0.8914285714285768,left
Default Temp 19,-53.37313432835821,-41.70149253731343,0.9552238805970177,left
Default Temp 20,-60.14814814814815,-50.74074074074075,6.044444444444451,left
Default Temp 21,-54.76,-34.239999999999995,4.079999999999998,left
Default Temp 22,-51.04,-44.64,6.751999999999995,left
Default PFC 1,-28.305555555555557,16.638888888888886,-15.611111111111114,left
Default PFC 2,-33.241379310344826,12.34482758620689,-12.275862068965516,left
Default PFC 3,-35.473118279569896,36.32258064516128,-12.44086021505376,left
Default PFC 4,-37.45974025974026,23.95324675324676,-14.893506493506493,left
Default PFC 5,-6.372294372294377,32.632034632034646,-11.376623376623378,left
Default PFC 6,-38.68235294117647,50.3607843137255,-13.223529411764709,left
Default PFC 7,-5.22702702702702,54.92972972972973,-9.832432432432434,left
Default PFC 8,-45.75213675213675,30.65811965811966,-10.863247863247864,left
Default PFC 9,-4.387096774193552,24.064516129032256,-5.548387096774192,left
Default PFC 10,-8.394366197183103,46.239436619718305,-4.0281690140845114,left
Default PFC 11,-49.116883116883116,39.66233766233765,-6.766233766233768,left
Default PFC 12,-16.53125,65.203125,-3.09375,left
Default PFC 13,-4.727272727272734,35.24242424242425,-3.393939393939391,left
Default PFC 14,-28.07377049180328,57.934426229508205,-1.3524590163934391,left
Default PFC 15,-44.096,28.383999999999986,-1.1359999999999957,left
Default PFC 16,-8.496350364963504,68.20437956204378,2.248175182481745,left
Default PFC 17,-51.58441558441559,28.095238095238102,2.2077922077922096,left
Default PFC 18,-44.743801652892564,20.38016528925621,6.132231404958674,left
Default PFC 19,-6.6392694063927,59.36986301369862,7.607305936073061,left
Default PFC 20,-6.627659574468083,44.787234042553195,6.7712765957446805,left
Default PFC 21,-54.21725239616613,18.75399361022363,11.936102236421732,left
Default PFC 22,-20.457564575645762,65.01845018450186,9.298892988929893,left
Default PFC 23,-3.2571428571428527,35.71428571428572,8.57142857142857,left
Default PFC 24,-8.673469387755105,67.14285714285714,15.57142857142857,left
Default PFC 25,-3.6144578313252964,28.843373493975918,17.108433734939766,left
Default PFC 26,-23.367816091954026,57.90804597701148,20.149425287356323,left
Default PFC 27,-6.03289473684211,50.57894736842104,20.83552631578948,left
Default PFC 28,-7.666666666666671,36.5392156862745,21.039215686274517,left
Default PFC 29,-15.516981132075472,59.7811320754717,26.37735849056604,left
Default PFC 30,-5.656716417910445,61.9402985074627,27.328358208955223,left
Default PFC 31,-21.796954314720807,48.9746192893401,31.21827411167513,left
Default PFC 32,-4.644444444444446,36.53333333333333,34.04444444444445,left
Default PFC 33,-3.9565217391304373,49.336956521739125,38.1195652173913,left
Default PFC 34,-11.8829268292683,51.21951219512195,40.41951219512195,left
Default PFC 35,-19.828947368421055,43.06578947368422,41.65789473684211,left
Default PFC 36,-46.39473684210526,13.15789473684211,40.71052631578948,left
Default PFC 37,-39.11498257839721,24.0,46.257839721254356,left
Default PFC 38,-25.0,27.287037037037038,43.75,left
Default PFC 39,-3.86666666666666,35.33333333333334,47.31111111111112,left
Default PFC 40,-7.922651933701658,41.513812154696126,52.51933701657458,left
Default PFC 41,-18.942148760330582,34.20661157024793,49.595041322314046,left
Default PFC 42,-41.57556270096463,6.816720257234721,48.86816720257235,left
Default PFC 43,-37.94871794871795,12.854700854700866,56.47863247863248,left
Default PFC 44,-29.45977011494253,16.57471264367817,55.896551724137936,left
Default PFC 45,-22.19642857142857,18.910714285714278,46.75,left
Default PFC 46,-5.876923076923077,24.953846153846143,60.84615384615384,left
Default PFC 47,-13.822222222222223,27.25555555555556,58.8111111111111,left
Default PFC 48,-21.886792452830193,21.320754716981128,58.39622641509433,left
Default PFC 49,-5.495327102803742,11.98130841121494,65.02803738317758,left
Default PFC 50,-15.302013422818789,14.657718120805356,65.24832214765101,left
Default pCunPCC 1,-6.933333333333337,-46.400000000000006,8.266666666666666,left
Default pCunPCC 2,-8.75,-53.33333333333333,8.38333333333334,left
Default pCunPCC 3,-5.705882352941174,-46.705882352941174,14.411764705882348,left
Default pCunPCC 4,-10.333333333333329,-58.651515151515156,16.439393939393938,left
Default pCunPCC 5,-5.027027027027032,-53.13513513513513,17.459459459459453,left
Default pCunPCC 6,-5.9130434782608745,-44.173913043478265,21.130434782608702,left
Default pCunPCC 7,-15.871794871794876,-62.82051282051282,22.56410256410257,left
Default pCunPCC 8,-3.631578947368425,-47.05263157894737,23.736842105263165,left
Default pCunPCC 9,-16.0,-66.37209302325581,26.976744186046517,left
Default pCunPCC 10,-4.567567567567565,-60.70270270270271,23.16216216216216,left
Default pCunPCC 11,-3.799999999999997,-40.8,25.599999999999994,left
Default pCunPCC 12,-7.490196078431367,-52.90196078431373,26.313725490196077,left
Default pCunPCC 13,-6.857142857142861,-67.0,25.33333333333333,left
Default pCunPCC 14,-6.137931034482762,-46.37931034482759,30.103448275862064,left
Default pCunPCC 15,-6.730158730158735,-57.301587301587304,29.714285714285708,left
Default pCunPCC 16,-4.612244897959187,-38.93877551020408,30.48979591836735,left
Default pCunPCC 17,-12.270270270270274,-48.75675675675676,30.594594594594597,left
Default pCunPCC 18,-4.611111111111114,-64.30555555555556,32.861111111111114,left
Default pCunPCC 19,-5.040000000000006,-33.92,35.16,left
Default pCunPCC 20,-8.779661016949149,-41.62711864406779,34.7457627118644,left
Default pCunPCC 21,-3.3877551020408134,-15.57142857142857,36.61224489795919,left
Default pCunPCC 22,-3.5999999999999943,-27.049999999999997,37.099999999999994,left
Default pCunPCC 23,-8.064516129032256,-54.74193548387096,34.87096774193549,left
Default pCunPCC 24,-3.529411764705884,-70.29411764705883,36.23529411764706,left
Default pCunPCC 25,-5.508196721311478,-32.36065573770492,41.540983606557376,left
Default pCunPCC 26,-11.617647058823536,-47.852941176470594,37.117647058823536,left
Default pCunPCC 27,-5.560439560439562,-40.28571428571429,41.956043956043956,left
Default pCunPCC 28,-5.86666666666666,-61.93333333333334,39.16666666666667,left
Default pCunPCC 29,-6.990990990990994,-54.21621621621621,42.234234234234236,left
Default pCunPCC 30,-4.313725490196077,-67.49019607843138,44.470588235294116,left
Default pCunPCC 31,-6.907563025210081,-47.21008403361344,44.5546218487395,left
Default pCunPCC 32,-6.0449438202247165,-58.71910112359551,48.2247191011236,left
Default PHC 1,-30.227272727272727,-32.36363636363636,-17.977272727272727,left
Default PHC 2,-19.805555555555557,-24.444444444444443,-22.02777777777778,left
Default PHC 3,-20.986842105263165,-36.171052631578945,-13.565789473684212,left
Vis 1,32.34700315457414,-36.195583596214504,-22.56782334384858,right
Vis 2,36.20382165605096,-51.69426751592357,-18.394904458598724,right
Vis 3,30.38914027149322,-32.50678733031674,-16.262443438914026,right
Vis 4,26.26229508196721,-49.213114754098356,-13.967213114754095,right
Vis 5,46.22826086956522,-56.923913043478265,-17.402173913043477,right
Vis 6,35.85945945945946,-66.92972972972973,-15.48108108108108,right
Vis 7,30.271186440677965,-45.89830508474576,-8.711864406779661,right
Vis 8,26.814432989690715,-71.50515463917526,-10.237113402061858,right
Vis 9,27.393617021276597,-59.13829787234043,-8.648936170212764,right
Vis 10,20.575000000000003,-31.349999999999994,-15.25,right
Vis 11,37.8238341968912,-77.720207253886,-15.388601036269428,right
Vis 12,26.144000000000005,-80.73599999999999,-12.048000000000002,right
Vis 13,22.230769230769226,-44.11538461538461,-9.32692307692308,right
Vis 14,18.93103448275862,-70.8103448275862,-8.948275862068968,right
Vis 15,19.98571428571428,-59.81428571428572,-6.9571428571428555,right
Vis 16,46.12903225806451,-77.34408602150538,-14.376344086021504,right
Vis 17,19.51327433628319,-88.50442477876106,-12.123893805309734,right
Vis 18,14.702702702702709,-79.75675675675676,-13.08108108108108,right
Vis 19,16.766666666666666,-35.83333333333333,-11.633333333333333,right
Vis 20,33.95348837209302,-89.53488372093022,-15.581395348837212,right
Vis 21,49.920529801324506,-62.3046357615894,-6.7549668874172255,right
Vis 22,14.590476190476195,-49.58095238095238,-7.200000000000003,right
Vis 23,12.07741935483871,-61.599999999999994,-2.8129032258064512,right
Vis 24,8.337349397590359,-72.08032128514057,-3.8795180722891587,right
Vis 25,6.789915966386559,-89.61344537815125,-12.201680672268907,right
Vis 26,48.8130081300813,-75.34959349593495,-7.252032520325201,right
Vis 27,21.71641791044776,-97.44776119402985,-13.462686567164177,right
Vis 28,3.9354838709677438,-81.66129032258064,-4.887096774193552,right
Vis 29,12.57692307692308,-96.24358974358975,-7.602564102564102,right
Vis 30,33.34193548387097,-93.04516129032258,-6.670967741935485,right
Vis 31,17.766497461928935,-43.79695431472081,-3.0659898477157412,right
Vis 32,13.958333333333329,-55.375,2.0208333333333286,right
Vis 33,4.727272727272734,-62.0,5.757575757575751,right
Vis 34,46.39080459770116,-65.79310344827587,-0.6551724137931103,right
Vis 35,41.83561643835617,-86.05479452054794,-4.041095890410958,right
Vis 36,3.9268292682926784,-72.04878048780488,5.170731707317074,right
Vis 37,22.582278481012665,-100.45569620253164,-5.265822784810126,right
Vis 38,8.628099173553721,-91.22314049586777,0.6446280991735591,right
Vis 39,50.87394957983193,-73.88235294117646,0.8403361344537785,right
Vis 40,12.092307692307699,-63.784615384615385,5.84615384615384,right
Vis 41,25.714285714285708,-52.114285714285714,3.3142857142857167,right
Vis 42,13.246753246753244,-44.467532467532465,3.038961038961034,right
Vis 43,13.640449438202253,-103.01123595505618,1.9550561797752835,right
Vis 44,8.162436548223354,-81.46192893401016,5.17766497461929,right
Vis 45,26.0,-98.40243902439025,3.292682926829272,right
Vis 46,10.844036697247702,-97.5045871559633,4.587155963302749,right
Vis 47,24.12949640287769,-62.50359712230216,5.294964028776974,right
Vis 48,20.0,-53.05263157894737,7.333333333333329,right
Vis 49,49.39506172839506,-66.03703703703704,8.70370370370371,right
Vis 50,12.320895522388057,-70.76865671641791,10.619402985074629,right
Vis 51,33.44700460829493,-89.05990783410138,3.824884792626733,right
Vis 52,43.47999999999999,-79.1,4.950000000000003,right
Vis 53,14.305882352941182,-100.87058823529412,12.752941176470586,right
Vis 54,4.759493670886073,-86.37974683544303,9.848101265822791,right
Vis 55,5.450000000000003,-77.15,13.25,right
Vis 56,48.49230769230769,-72.6,12.292307692307688,right
Vis 57,21.121951219512198,-59.243902439024396,11.073170731707322,right
Vis 58,25.90604026845638,-95.63758389261744,14.805369127516784,right
Vis 59,6.650793650793645,-93.61904761904762,15.38095238095238,right
Vis 60,37.70786516853933,-84.11235955056179,9.393258426966298,right
Vis 61,14.969432314410483,-94.2707423580786,19.24017467248909,right
Vis 62,30.659340659340657,-87.16483516483517,12.659340659340657,right
Vis 63,8.337662337662337,-66.67532467532467,18.85714285714286,right
Vis 64,5.2139303482587,-80.74626865671641,22.557213930348254,right
Vis 65,19.095652173913038,-64.17391304347825,17.165217391304353,right
Vis 66,43.303370786516865,-79.82022471910113,16.0,right
Vis 67,26.64462809917356,-89.0909090909091,20.84297520661157,right
Vis 68,7.609195402298852,-89.95402298850576,28.52873563218391,right
Vis 69,33.758620689655174,-84.29310344827587,18.724137931034477,right
Vis 70,7.1290322580645125,-74.41935483870968,28.16129032258064,right
Vis 71,17.311475409836063,-72.27868852459017,24.983606557377044,right
Vis 72,38.98412698412699,-84.06349206349206,26.41269841269842,right
Vis 73,17.747826086956522,-88.72173913043478,27.695652173913047,right
Vis 74,18.07692307692308,-63.26923076923077,26.92307692307692,right
Vis 75,10.024844720496901,-85.13043478260869,39.503105590062106,right
Vis 76,34.184210526315795,-76.44736842105263,23.19736842105263,right
Vis 77,28.05376344086021,-81.95698924731182,27.86021505376344,right
Vis 78,16.151785714285708,-78.94642857142857,36.72321428571429,right
Vis 79,23.356164383561648,-85.98630136986301,37.87671232876713,right
Vis 80,29.005025125628137,-76.55276381909547,39.48743718592965,right
Vis 81,22.884615384615387,-81.34615384615384,48.15384615384616,right
SomMot 1,51.40170940170941,11.025641025641022,-9.384615384615387,right
SomMot 2,60.2086956521739,-2.9913043478260875,-6.208695652173915,right
SomMot 3,54.82511210762331,2.1345291479820503,-3.076233183856502,right
SomMot 4,55.17948717948718,-12.820512820512818,-4.666666666666671,right
SomMot 5,65.2258064516129,-8.129032258064512,-3.032258064516128,right
SomMot 6,48.29787234042553,-10.893617021276597,-0.2127659574468055,right
SomMot 7,62.738461538461536,-14.830769230769235,-2.738461538461536,right
SomMot 8,39.31343283582089,-4.328358208955223,6.1791044776119435,right
SomMot 9,54.60112359550561,-12.612359550561791,5.106741573033702,right
SomMot 10,67.48717948717947,-15.230769230769226,4.564102564102569,right
SomMot 11,40.98461538461538,-20.15384615384616,2.5846153846153896,right
SomMot 12,62.31372549019608,-23.372549019607845,1.382352941176464,right
SomMot 13,48.61702127659575,-36.91489361702128,4.106382978723403,right
SomMot 14,56.69158878504672,-31.19626168224299,4.635514018691595,right
SomMot 15,37.33333333333333,-9.555555555555557,12.333333333333329,right
SomMot 16,38.823529411764696,-22.15686274509804,10.431372549019613,right
SomMot 17,34.92307692307692,-18.84615384615384,12.0,right
SomMot 18,59.21777777777777,-21.90222222222222,9.635555555555555,right
SomMot 19,36.73170731707317,-9.902439024390247,17.512195121951223,right
SomMot 20,41.32258064516128,-27.41935483870968,12.290322580645167,right
SomMot 21,43.111111111111114,-2.5925925925925952,13.851851851851848,right
SomMot 22,34.0,-22.95833333333333,16.95833333333333,right
SomMot 23,64.40601503759399,-36.18045112781955,10.827067669172934,right
SomMot 24,64.2608695652174,-27.947826086956525,12.886956521739137,right
SomMot 25,42.42105263157896,-12.298245614035082,17.473684210526315,right
SomMot 26,38.514285714285705,-26.609523809523807,19.42857142857143,right
SomMot 27,47.45238095238096,-31.785714285714292,16.52380952380952,right
SomMot 28,50.4742268041237,-8.639175257731964,11.979381443298962,right
SomMot 29,47.146666666666675,-18.13333333333334,17.573333333333338,right
SomMot 30,59.48965517241379,-1.0758620689655203,10.606896551724134,right
SomMot 31,43.879999999999995,-28.72,20.680000000000007,right
SomMot 32,58.7244094488189,-12.062992125984252,14.771653543307082,right
SomMot 33,51.77528089887642,-21.348314606741567,17.932584269662925,right
SomMot 34,66.37288135593221,-8.033898305084747,14.406779661016955,right
SomMot 35,61.72972972972974,2.5540540540540633,22.20270270270271,right
SomMot 36,63.45454545454547,-5.174825174825173,23.496503496503493,right
SomMot 37,64.79411764705881,-11.294117647058826,26.029411764705884,right
SomMot 38,55.52000000000001,-3.8400000000000034,23.239999999999995,right
SomMot 39,59.95789473684209,-12.989473684210523,31.936842105263153,right
SomMot 40,58.79646017699116,1.3097345132743357,34.3716814159292,right
SomMot 41,62.636363636363626,-9.545454545454547,38.81818181818181,right
SomMot 42,56.139999999999986,-7.920000000000002,33.92,right
SomMot 43,49.56363636363636,-6.690909090909088,31.309090909090912,right
SomMot 44,55.649122807017534,-15.684210526315795,36.98245614035088,right
SomMot 45,6.828125,-2.40625,41.171875,right
SomMot 46,59.81395348837211,-11.720930232558146,45.95348837209302,right
SomMot 47,54.95575221238937,-3.628318584070797,42.955752212389385,right
SomMot 48,50.08571428571429,-13.200000000000003,38.8,right
SomMot 49,44.68852459016392,-11.508196721311478,37.77049180327869,right
SomMot 50,53.04761904761904,-17.77777777777777,42.12698412698413,right
SomMot 51,12.425531914893611,-14.893617021276597,41.31914893617021,right
SomMot 52,9.181208053691279,2.4026845637583847,46.966442953020135,right
SomMot 53,49.672131147540995,-21.93442622950819,46.62295081967213,right
SomMot 54,49.75257731958763,-12.886597938144334,50.08247422680412,right
SomMot 55,39.19148936170214,-16.893617021276597,40.93617021276596,right
SomMot 56,54.534883720930225,-17.53488372093024,54.53488372093024,right
SomMot 57,8.747252747252745,-9.27472527472527,47.01098901098901,right
SomMot 58,47.803571428571416,-7.75,50.85714285714286,right
SomMot 59,39.37704918032787,-13.245901639344268,47.24590163934427,right
SomMot 60,12.400000000000006,-21.766666666666666,45.3,right
SomMot 61,48.625,-27.40625,56.171875,right
SomMot 62,40.627450980392155,-19.058823529411768,48.82352941176471,right
SomMot 63,46.94444444444446,-19.72222222222223,60.111111111111114,right
SomMot 64,6.053691275167779,-0.7919463087248317,54.65771812080537,right
SomMot 65,43.38461538461539,-8.974358974358978,59.794871794871796,right
SomMot 66,6.329411764705881,-15.188235294117646,51.87058823529412,right
SomMot 67,8.860759493670884,-30.430379746835442,50.0253164556962,right
SomMot 68,40.67567567567568,-17.432432432432435,55.62162162162163,right
SomMot 69,29.38095238095238,-37.28571428571429,55.52380952380952,right
SomMot 70,39.36170212765958,-33.74468085106383,60.65957446808511,right
SomMot 71,38.97435897435898,-24.205128205128204,52.97435897435898,right
SomMot 72,13.75,-43.0,57.75,right
SomMot 73,41.536585365853654,-28.682926829268297,65.78048780487805,right
SomMot 74,6.349999999999994,-36.8,55.25,right
SomMot 75,37.84905660377359,-16.075471698113205,66.64150943396226,right
SomMot 76,31.63095238095238,-40.78571428571429,65.1547619047619,right
SomMot 77,4.557522123893804,-23.292035398230084,58.15929203539824,right
SomMot 78,32.19230769230769,-27.365384615384613,61.15384615384616,right
SomMot 79,29.238938053097343,-34.0,65.18584070796462,right
SomMot 80,30.91935483870968,-23.5,59.83870967741936,right
SomMot 81,27.86363636363636,-11.147727272727266,64.93181818181819,right
SomMot 82,8.438356164383563,-40.082191780821915,62.27397260273972,right
SomMot 83,4.588235294117652,-10.862745098039213,65.9607843137255,right
SomMot 84,27.322580645161295,-18.129032258064512,72.7741935483871,right
SomMot 85,2.9589041095890423,-33.56164383561644,64.05479452054794,right
SomMot 86,24.43396226415095,-28.396226415094333,66.69811320754718,right
SomMot 87,24.04040404040404,-42.90909090909091,66.50505050505049,right
SomMot 88,22.712643678160916,-34.0919540229885,69.35632183908046,right
SomMot 89,13.666666666666671,-41.08333333333333,68.41666666666666,right
SomMot 90,20.693877551020407,-24.285714285714292,66.73469387755102,right
SomMot 91,11.333333333333329,-4.982456140350877,72.66666666666666,right
SomMot 92,19.815602836879435,-13.262411347517727,71.36170212765958,right
SomMot 93,5.529411764705884,-40.50980392156863,70.0,right
SomMot 94,14.885245901639351,-44.721311475409834,76.52459016393442,right
SomMot 95,6.7283236994219635,-18.94797687861272,73.0520231213873,right
SomMot 96,12.89473684210526,-14.131578947368425,73.0,right
SomMot 97,21.39393939393939,-38.24242424242425,74.72727272727272,right
SomMot 98,16.836363636363643,-30.072727272727278,70.5090909090909,right
SomMot 99,19.46666666666667,-30.86666666666666,76.80000000000001,right
SomMot 100,4.6530612244897895,-31.551020408163268,73.22448979591837,right
SomMot 101,11.39759036144578,-37.85542168674699,77.03614457831324,right
SomMot 102,13.572815533980588,-26.077669902912618,72.17475728155341,right
SomMot 103,12.0253164556962,-32.53164556962025,75.03797468354429,right
DorsAttn Post 1,48.64473684210526,-34.65789473684211,-22.618421052631582,right
DorsAttn Post 2,45.71764705882353,-45.45882352941176,-21.129411764705885,right
DorsAttn Post 3,50.94296577946767,-45.049429657794676,-18.638783269961976,right
DorsAttn Post 4,48.58823529411765,-60.117647058823536,-12.52549019607843,right
DorsAttn Post 5,59.04918032786884,-53.51912568306011,-16.010928961748633,right
DorsAttn Post 6,56.73003802281369,-55.07224334600761,-4.752851711026622,right
DorsAttn Post 7,62.0,-54.92682926829268,1.3658536585365795,right
DorsAttn Post 8,50.373493975903614,-59.32530120481928,4.903614457831324,right
DorsAttn Post 9,51.87096774193549,-59.822580645161295,12.983870967741936,right
DorsAttn Post 10,50.303571428571416,-53.46428571428571,14.5,right
DorsAttn Post 11,46.06024096385542,-67.26506024096386,18.361445783132524,right
DorsAttn Post 12,46.55506607929516,-75.11013215859032,27.40088105726872,right
DorsAttn Post 13,38.084210526315786,-77.28421052631579,31.726315789473688,right
DorsAttn Post 14,58.486486486486484,-18.86486486486487,34.86486486486487,right
DorsAttn Post 15,35.09210526315789,-71.59210526315789,39.868421052631575,right
DorsAttn Post 16,30.74117647058823,-65.85882352941177,33.32941176470588,right
DorsAttn Post 17,56.39215686274511,-22.117647058823536,43.43137254901961,right
DorsAttn Post 18,54.22222222222223,-28.266666666666666,51.15555555555555,right
DorsAttn Post 19,31.631067961165044,-68.44660194174757,48.407766990291265,right
DorsAttn Post 20,48.18421052631578,-35.84210526315789,54.236842105263165,right
DorsAttn Post 21,24.066666666666663,-74.2,51.233333333333334,right
DorsAttn Post 22,23.638554216867476,-65.66265060240964,45.59036144578313,right
DorsAttn Post 23,47.544554455445535,-27.306930693069305,41.20792079207921,right
DorsAttn Post 24,29.007751937984494,-64.2170542635659,51.751937984496124,right
DorsAttn Post 25,37.529411764705884,-41.90849673202614,44.352941176470594,right
DorsAttn Post 26,42.125,-37.70833333333333,55.29166666666667,right
DorsAttn Post 27,14.21621621621621,-77.27927927927928,52.3963963963964,right
DorsAttn Post 28,39.57647058823528,-32.51764705882353,44.635294117647064,right
DorsAttn Post 29,36.13636363636364,-57.95454545454545,51.13636363636364,right
DorsAttn Post 30,42.226415094339615,-27.169811320754718,43.58490566037736,right
DorsAttn Post 31,35.585798816568044,-45.37278106508876,51.83431952662721,right
DorsAttn Post 32,30.771428571428572,-58.942857142857136,57.52857142857144,right
DorsAttn Post 33,6.450704225352112,-51.69014084507042,50.16901408450704,right
DorsAttn Post 34,30.389380530973455,-51.008849557522126,52.123893805309734,right
DorsAttn Post 35,34.11363636363636,-33.70454545454545,48.63636363636364,right
DorsAttn Post 36,37.951219512195124,-40.048780487804876,58.463414634146346,right
DorsAttn Post 37,17.02793296089385,-69.00558659217877,54.513966480446925,right
DorsAttn Post 38,4.771084337349393,-66.07228915662651,52.26506024096386,right
DorsAttn Post 39,24.044776119402982,-65.25373134328359,56.68656716417911,right
DorsAttn Post 40,9.730769230769226,-71.0576923076923,54.05769230769231,right
DorsAttn Post 41,7.379310344827587,-56.396551724137936,54.03448275862068,right
DorsAttn Post 42,37.1875,-47.875,61.70833333333334,right
DorsAttn Post 43,30.378378378378372,-53.11711711711712,62.32432432432432,right
DorsAttn Post 44,23.69354838709677,-59.25806451612904,62.048387096774206,right
DorsAttn Post 45,20.354838709677423,-65.58064516129032,64.80645161290323,right
DorsAttn Post 46,10.710743801652896,-63.62809917355372,62.70247933884298,right
DorsAttn Post 47,5.977011494252878,-54.04597701149426,60.988505747126425,right
DorsAttn Post 48,29.982300884955748,-48.90265486725664,69.23893805309734,right
DorsAttn Post 49,22.606741573033702,-55.752808988764045,70.4494382022472,right
DorsAttn Post 50,15.561643835616437,-56.87671232876713,67.12328767123287,right
DorsAttn Post 51,8.971830985915489,-50.85915492957747,69.92957746478874,right
DorsAttn Post 52,18.981595092024534,-48.28220858895706,69.57055214723925,right
DorsAttn FEF 1,41.103030303030295,-2.7757575757575808,51.44242424242424,right
DorsAttn FEF 2,31.57046979865771,-1.3154362416107404,51.28859060402685,right
DorsAttn FEF 3,25.61643835616438,4.260273972602732,53.28767123287672,right
DorsAttn FEF 4,34.45454545454545,-7.272727272727266,58.43636363636364,right
DorsAttn FEF 5,25.900000000000006,-7.214285714285708,52.15714285714286,right
DorsAttn FEF 6,24.56140350877193,-3.8070175438596436,62.192982456140356,right
DorsAttn PrCv 1,49.53333333333333,12.466666666666669,20.933333333333337,right
DorsAttn PrCv 2,43.483606557377044,7.688524590163922,25.508196721311478,right
DorsAttn PrCv 3,54.596273291925456,8.770186335403736,30.149068322981364,right
SalVentAttn TempOccPar 1,62.977443609022544,-45.41353383458646,3.8045112781954913,right
SalVentAttn TempOccPar 2,56.17391304347825,-42.847826086956516,8.173913043478265,right
SalVentAttn TempOccPar 3,58.672,-54.400000000000006,8.048000000000002,right
SalVentAttn TempOccPar 4,51.606060606060595,-39.727272727272734,12.560606060606062,right
SalVentAttn TempOccPar 5,54.53521126760563,-39.5774647887324,20.985915492957744,right
SalVentAttn TempOccPar 6,64.44036697247705,-30.935779816513758,19.082568807339456,right
SalVentAttn TempOccPar 7,53.71428571428572,-32.967032967032964,23.538461538461533,right
SalVentAttn TempOccPar 8,64.231884057971,-39.1304347826087,19.391304347826093,right
SalVentAttn TempOccPar 9,50.56565656565655,-27.39393939393939,25.878787878787875,right
SalVentAttn TempOccPar 10,63.41509433962264,-31.05660377358491,28.62264150943396,right
SalVentAttn TempOccPar 11,61.0344827586207,-19.751724137931035,19.0896551724138,right
SalVentAttn TempOccPar 12,55.365853658536594,-30.536585365853654,33.5609756097561,right
SalVentAttn TempOccPar 13,63.51470588235293,-39.632352941176464,27.82352941176471,right
SalVentAttn TempOccPar 14,60.75590551181102,-24.69291338582677,27.71653543307086,right
SalVentAttn TempOccPar 15,62.55555555555554,-28.52777777777777,38.80555555555556,right
SalVentAttn TempOccPar 16,63.4375,-18.3125,28.27083333333333,right
SalVentAttn TempOccPar 17,64.29885057471265,-34.48275862068965,38.827586206896555,right
SalVentAttn TempOccPar 18,63.893333333333345,-22.293333333333337,40.36,right
SalVentAttn PrC 1,49.29007633587787,3.885496183206101,40.46564885496183,right
SalVentAttn PrC 2,49.377777777777766,-1.24444444444444,47.2,right
SalVentAttn FrOperIns 1,38.14814814814815,7.629629629629619,-20.666666666666664,right
SalVentAttn FrOperIns 2,38.21978021978023,10.769230769230774,-11.2967032967033,right
SalVentAttn FrOperIns 3,46.30303030303031,6.363636363636374,-14.484848484848484,right
SalVentAttn FrOperIns 4,40.074074074074076,1.1296296296296333,-12.0,right
SalVentAttn FrOperIns 5,40.66666666666666,9.731182795698913,-2.8064516129032313,right
SalVentAttn FrOperIns 6,40.72602739726028,-6.808219178082197,-6.794520547945211,right
SalVentAttn FrOperIns 7,46.4375,-9.125,-6.125,right
SalVentAttn FrOperIns 8,33.35384615384615,24.446153846153834,1.353846153846149,right
SalVentAttn FrOperIns 9,37.63636363636364,5.757575757575751,4.0404040404040416,right
SalVentAttn FrOperIns 10,37.38709677419355,30.35483870967741,2.1612903225806406,right
SalVentAttn FrOperIns 11,39.344086021505376,-14.0,2.0215053763440807,right
SalVentAttn FrOperIns 12,33.50684931506849,20.16438356164383,9.671232876712324,right
SalVentAttn FrOperIns 13,41.423728813559336,24.05084745762713,5.508474576271183,right
SalVentAttn FrOperIns 14,34.74418604651163,4.930232558139522,10.697674418604649,right
SalVentAttn FrOperIns 15,47.01265822784811,20.987341772151893,2.784810126582272,right
SalVentAttn FrOperIns 16,37.80769230769231,12.269230769230774,9.115384615384613,right
SalVentAttn FrOperIns 17,44.327272727272714,12.527272727272731,4.290909090909096,right
SalVentAttn FrOperIns 18,39.661016949152554,2.2711864406779796,13.45762711864407,right
SalVentAttn FrOperIns 19,49.529411764705884,8.890756302520998,-0.03361344537815114,right
SalVentAttn FrOperIns 20,47.522123893805315,-0.6548672566371749,6.637168141592923,right
SalVentAttn FrOperIns 21,53.18666666666667,13.039999999999992,8.666666666666671,right
SalVentAttn FrOperIns 22,57.67924528301887,4.207547169811335,5.660377358490564,right
SalVentAttn FrOperIns 23,55.74358974358975,9.025641025641022,12.58119658119658,right
SalVentAttn FrOperIns 24,59.40909090909091,9.0,19.75,right
SalVentAttn PFCl 1,31.186274509803923,47.29411764705881,20.970588235294116,right
SalVentAttn PFCl 2,28.421768707482997,44.74829931972789,32.897959183673464,right
SalVentAttn Med 1,5.109589041095887,23.671232876712338,26.986301369863014,right
SalVentAttn Med 2,4.134615384615387,9.134615384615387,34.15384615384616,right
SalVentAttn Med 3,4.181818181818187,-5.0909090909090935,36.36363636363636,right
SalVentAttn Med 4,8.400000000000006,24.042105263157907,37.83157894736843,right
SalVentAttn Med 5,8.378737541528238,13.2358803986711,39.44186046511628,right
SalVentAttn Med 6,8.452830188679243,-25.132075471698116,40.60377358490567,right
SalVentAttn Med 7,7.719298245614041,-14.807017543859644,40.3859649122807,right
SalVentAttn Med 8,10.086956521739125,-33.8695652173913,42.30434782608695,right
SalVentAttn Med 9,13.767441860465112,-24.604651162790702,38.325581395348834,right
SalVentAttn Med 10,12.215384615384622,-39.261538461538464,45.04615384615384,right
SalVentAttn Med 11,7.145833333333329,14.145833333333343,50.47916666666667,right
SalVentAttn Med 12,15.76190476190476,-30.19047619047619,43.19047619047619,right
SalVentAttn Med 13,8.799999999999997,-42.95238095238095,50.91428571428571,right
SalVentAttn Med 14,14.34375,-36.65625,51.65625,right
SalVentAttn Med 15,4.950495049504951,10.891089108910904,59.366336633663366,right
SalVentAttn Med 16,6.266666666666666,-46.773333333333326,57.49333333333334,right
SalVentAttn Med 17,6.661870503597129,0.3669064748201407,66.15827338129498,right
SalVentAttn Med 18,10.457142857142856,-46.68571428571428,63.94285714285715,right
SalVentAttn Med 19,15.664000000000001,6.367999999999995,69.21600000000001,right
SalVentAttn Med 20,18.89340101522842,-4.588832487309645,68.86294416243655,right
Limbic OFC 1,20.94202898550725,13.275362318840592,-22.391304347826086,right
Limbic OFC 2,14.3010752688172,16.23655913978496,-17.032258064516128,right
Limbic OFC 3,15.178294573643413,27.14728682170542,-23.689922480620154,right
Limbic OFC 4,10.039215686274517,27.235294117647072,-19.98039215686274,right
Limbic OFC 5,10.107382550335572,40.899328859060404,-23.30201342281879,right
Limbic OFC 6,23.27927927927928,28.29729729729729,-18.55855855855856,right
Limbic OFC 7,16.045454545454547,47.886363636363626,-19.772727272727273,right
Limbic OFC 8,4.896551724137936,19.78544061302682,-20.03831417624521,right
Limbic OFC 9,3.3398058252427205,40.42718446601941,-24.834951456310677,right
Limbic OFC 10,6.434285714285721,54.56,-22.25142857142857,right
Limbic OFC 11,14.912000000000006,60.08000000000001,-17.456000000000003,right
Limbic OFC 12,4.011049723756912,26.33149171270719,-11.535911602209943,right
Limbic OFC 13,6.758064516129039,63.346774193548384,-11.274193548387096,right
Limbic OFC 14,21.756862745098033,62.07843137254903,-9.584313725490198,right
Limbic TempPole 1,28.449494949494948,2.0656565656565533,-44.17676767676768,right
Limbic TempPole 2,34.7192118226601,10.64039408866995,-40.275862068965516,right
Limbic TempPole 3,48.883610451306424,-5.444180522565318,-39.86223277909739,right
Limbic TempPole 4,40.17467248908298,-9.545851528384276,-34.672489082969435,right
Limbic TempPole 5,30.989417989417987,-9.613756613756607,-35.08465608465608,right
Limbic TempPole 6,20.19047619047619,0.2380952380952408,-32.23809523809524,right
Limbic TempPole 7,24.278481012658233,8.911392405063282,-31.654008438818565,right
Limbic TempPole 8,50.28292682926829,-19.951219512195124,-30.90731707317073,right
Limbic TempPole 9,42.38167938931298,-20.793893129770993,-25.450381679389317,right
Limbic TempPole 10,36.984520123839005,20.87306501547988,-32.080495356037154,right
Limbic TempPole 11,59.28925619834712,-20.297520661157023,-29.86776859504132,right
Limbic TempPole 12,21.528571428571425,-12.599999999999994,-29.714285714285715,right
Limbic TempPole 13,43.55555555555554,-30.18518518518519,-22.685185185185183,right
Limbic TempPole 14,32.304,10.319999999999993,-27.424,right
Limbic TempPole 15,33.33802816901408,-21.985915492957744,-25.521126760563384,right
Limbic TempPole 16,22.019047619047626,-22.114285714285714,-24.0,right
Limbic TempPole 17,42.43636363636364,12.290909090909082,-21.145454545454548,right
Cont Par 1,60.595744680851055,-44.765957446808514,31.702127659574472,right
Cont Par 2,58.610169491525426,-45.64406779661017,40.54237288135593,right
Cont Par 3,59.29655172413794,-38.53793103448275,38.93793103448276,right
Cont Par 4,39.80000000000001,-75.75,42.575,right
Cont Par 5,55.27810650887574,-50.840236686390526,46.213017751479285,right
Cont Par 6,59.97938144329896,-31.670103092783506,50.16494845360825,right
Cont Par 7,55.39130434782609,-40.826086956521735,47.53623188405797,right
Cont Par 8,47.386666666666656,-57.28,53.70666666666666,right
Cont Par 9,52.96153846153845,-34.57692307692308,49.30769230769231,right
Cont Par 10,49.21875,-44.1875,49.84375,right
Cont Par 11,48.188679245283026,-49.62264150943396,54.18867924528301,right
Cont Par 12,48.611111111111114,-38.33333333333333,44.5,right
Cont Par 13,37.54128440366972,-67.54128440366972,49.46788990825688,right
Cont Par 14,41.93103448275863,-58.0,50.63793103448276,right
Cont Par 15,43.36206896551724,-48.672413793103445,46.94827586206897,right
Cont Par 16,43.76642335766422,-39.620437956204384,45.401459854014604,right
Cont Par 17,35.418604651162795,-51.48837209302326,42.31395348837209,right
Cont Temp 1,59.15199999999999,-29.096000000000004,-23.208,right
Cont Temp 2,60.408163265306115,-38.68027210884354,-18.97959183673469,right
Cont Temp 3,63.47079037800688,-40.98969072164948,-10.597938144329895,right
Cont Temp 4,65.45238095238096,-46.76190476190476,-2.6666666666666714,right
Cont PFCv 1,34.067796610169495,20.372881355932208,-6.66101694915254,right
Cont PFCv 2,34.33333333333333,26.77777777777777,-7.2222222222222285,right
Cont PFCl 1,24.143646408839786,40.61878453038673,-16.14364640883978,right
Cont PFCl 2,28.0,51.84390243902439,-14.243902439024389,right
Cont PFCl 3,39.90513833992094,51.913043478260875,-12.387351778656125,right
Cont PFCl 4,32.36607142857143,58.696428571428584,-1.7767857142857082,right
Cont PFCl 5,43.424242424242436,49.628787878787875,-3.651515151515156,right
Cont PFCl 6,23.229629629629628,62.55555555555554,1.585185185185182,right
Cont PFCl 7,49.28571428571428,40.32653061224491,3.8367346938775455,right
Cont PFCl 8,40.987551867219906,49.784232365145215,6.738589211618262,right
Cont PFCl 9,31.2027972027972,55.30069930069931,10.258741258741253,right
Cont PFCl 10,53.516483516483504,30.60439560439559,14.527472527472526,right
Cont PFCl 11,25.773195876288653,60.78350515463919,14.103092783505161,right
Cont PFCl 12,42.27102803738319,38.85981308411215,12.429906542056074,right
Cont PFCl 13,54.33121019108279,18.063694267515928,20.216560509554142,right
Cont PFCl 14,41.80392156862746,48.43921568627451,18.313725490196077,right
Cont PFCl 15,46.17687074829931,28.863945578231295,21.795918367346943,right
Cont PFCl 16,45.02083333333334,17.958333333333343,24.22916666666667,right
Cont PFCl 17,24.92035398230088,55.244837758112084,25.48672566371681,right
Cont PFCl 18,46.19277108433735,36.32530120481928,25.843373493975903,right
Cont PFCl 19,38.337899543378995,41.37899543378995,29.114155251141554,right
Cont PFCl 20,50.53503184713375,24.242038216560502,31.31210191082802,right
Cont PFCl 21,41.14074074074074,17.08148148148149,30.177777777777777,right
Cont PFCl 22,43.60209424083769,29.84293193717278,36.17801047120419,right
Cont PFCl 23,37.28662420382166,8.547770700636931,34.458598726114644,right
Cont PFCl 24,34.90810810810811,36.32432432432432,40.443243243243245,right
Cont PFCl 25,46.86885245901638,15.926229508196712,39.5,right
Cont PFCl 26,40.49541284403671,9.9816513761468,45.082568807339456,right
Cont PFCl 27,41.33818181818182,23.352727272727265,46.97454545454545,right
Cont PFCl 28,32.64516129032258,30.129032258064512,47.16129032258064,right
Cont PFCl 29,44.35365853658536,5.585365853658544,50.48780487804878,right
Cont PFCl 30,38.42902208201892,10.252365930599382,57.92429022082018,right
Cont PFCl 31,30.827586206896555,17.025862068965523,53.008620689655174,right
Cont PFCl 32,24.51851851851852,16.62962962962962,46.37037037037037,right
Cont PFCl 33,19.88095238095238,17.690476190476204,62.27380952380952,right
Cont PFCl 34,24.142322097378283,8.734082397003732,62.04494382022472,right
Cont pCun 1,13.990099009900987,-68.22772277227722,35.148514851485146,right
Cont pCun 3,13.702380952380949,-75.21428571428572,43.77380952380952,right
Cont pCun 5,5.015384615384619,-73.96923076923076,46.58461538461539,right
Cont Cing 1,5.0,-23.0,26.0,right
Cont Cing 2,5.317073170731703,9.024390243902445,27.5609756097561,right
Cont Cing 3,6.833333333333329,-32.26190476190476,26.95238095238095,right
Cont Cing 4,5.291666666666671,-0.7916666666666714,30.125,right
Cont Cing 5,5.160493827160494,-15.777777777777771,30.24691358024691,right
Cont PFCmp 1,7.598039215686271,35.45098039215685,20.225490196078425,right
Cont PFCmp 2,9.949367088607602,28.12658227848101,28.25316455696202,right
Cont PFCmp 3,6.23899371069183,34.98113207547169,32.729559748427675,right
Cont PFCmp 4,4.55670103092784,38.4020618556701,47.618556701030926,right
Cont PFCmp 5,5.026315789473685,25.403508771929836,48.33333333333333,right
Default Par 1,57.72,-48.16,10.299999999999997,right
Default Par 2,53.33333333333334,-44.94252873563218,17.356321839080465,right
Default Par 3,49.195876288659804,-58.618556701030926,19.19587628865979,right
Default Par 4,50.48543689320388,-50.7378640776699,18.893203883495147,right
Default Par 5,55.06542056074767,-46.80373831775701,22.65420560747664,right
Default Par 6,50.60396039603961,-63.51485148514851,25.425742574257427,right
Default Par 7,52.654545454545456,-42.07272727272728,28.436363636363637,right
Default Par 8,46.43564356435644,-54.83168316831683,27.78217821782178,right
Default Par 9,57.44537815126051,-52.90756302521008,24.151260504201687,right
Default Par 10,54.82758620689654,-46.48275862068965,31.65517241379311,right
Default Par 11,49.29090909090908,-60.54545454545455,33.96363636363637,right
Default Par 12,47.785234899328856,-68.83221476510067,35.664429530201346,right
Default Par 13,56.65517241379311,-53.43678160919541,33.08045977011494,right
Default Par 14,48.77142857142857,-62.57142857142857,41.72857142857143,right
Default Par 15,53.04347826086956,-57.53623188405797,43.40579710144928,right
Default Par 16,43.76623376623377,-67.79220779220779,48.49350649350649,right
Default Temp 1,47.14824797843667,9.789757412398927,-36.62533692722372,right
Default Temp 2,49.91999999999999,-0.5866666666666731,-32.346666666666664,right
Default Temp 3,59.68780487804878,-8.058536585365857,-24.673170731707316,right
Default Temp 4,51.955307262569846,8.0558659217877,-26.134078212290504,right
Default Temp 5,48.978947368421046,17.19999999999999,-21.83157894736842,right
Default Temp 6,57.51219512195121,-3.9512195121951237,-17.447154471544714,right
Default Temp 7,63.97674418604652,-24.127906976744185,-16.872093023255815,right
Default Temp 8,65.60330578512398,-11.487603305785129,-12.595041322314053,right
Default Temp 9,53.49523809523811,4.238095238095241,-15.06666666666667,right
Default Temp 10,67.17857142857142,-30.17857142857143,-12.357142857142854,right
Default Temp 11,50.576923076923066,-8.134615384615387,-13.057692307692307,right
Default Temp 12,63.80208333333334,-21.3125,-8.4375,right
Default Temp 13,50.15384615384616,-17.2967032967033,-10.527472527472526,right
Default Temp 14,53.739130434782595,-27.188405797101453,-6.695652173913047,right
Default Temp 15,64.816091954023,-33.19540229885058,-1.8620689655172384,right
Default Temp 16,48.49350649350649,-22.467532467532465,-4.649350649350652,right
Default Temp 17,47.645569620253156,-29.620253164556956,-0.784810126582272,right
Default Temp 18,55.39130434782609,-36.826086956521735,-0.6956521739130466,right
Default PFCv 1,28.759124087591246,19.021897810218974,-20.306569343065696,right
Default PFCv 2,31.45205479452055,19.86301369863014,-12.657534246575345,right
Default PFCv 3,35.08333333333333,26.291666666666657,-19.125,right
Default PFCv 4,35.304761904761904,37.190476190476204,-12.80952380952381,right
Default PFCv 5,41.16339869281046,25.307189542483655,-13.895424836601308,right
Default PFCv 6,47.5141242937853,34.4406779661017,-14.16949152542373,right
Default PFCv 7,42.361445783132524,26.192771084337352,-5.46987951807229,right
Default PFCv 8,50.022099447513824,33.18232044198896,-5.988950276243088,right
Default PFCv 9,52.554973821989535,29.382198952879577,1.4973821989528773,right
Default PFCv 10,55.60930232558138,21.38604651162791,8.967441860465115,right
Default PFCdPFCm 1,5.496598639455783,45.01360544217687,-12.448979591836732,right
Default PFCdPFCm 2,5.513043478260869,34.64347826086956,-5.1304347826087024,right
Default PFCdPFCm 3,7.406896551724131,52.1793103448276,-3.5034482758620697,right
Default PFCdPFCm 4,8.769230769230774,67.25274725274724,0.120879120879124,right
Default PFCdPFCm 5,9.966101694915253,45.525423728813564,-0.881355932203391,right
Default PFCdPFCm 6,17.38053097345133,67.2920353982301,10.070796460176993,right
Default PFCdPFCm 7,7.768421052631581,41.689473684210526,6.900000000000006,right
Default PFCdPFCm 8,7.286290322580641,57.52016129032259,10.391129032258064,right
Default PFCdPFCm 9,6.025974025974023,29.87012987012986,13.84415584415585,right
Default PFCdPFCm 10,15.877300613496928,63.50920245398774,20.56441717791411,right
Default PFCdPFCm 11,7.657142857142858,45.18571428571428,21.785714285714292,right
Default PFCdPFCm 12,5.719298245614041,19.087719298245617,21.89473684210526,right
Default PFCdPFCm 13,5.911439114391143,57.54981549815497,28.118081180811814,right
Default PFCdPFCm 14,15.276450511945399,54.361774744027315,35.0580204778157,right
Default PFCdPFCm 15,4.885906040268452,46.42953020134229,35.100671140939596,right
Default PFCdPFCm 16,19.89690721649484,45.938144329896915,36.22680412371135,right
Default PFCdPFCm 17,25.818181818181813,34.198347107438025,34.34710743801652,right
Default PFCdPFCm 18,9.421965317919074,47.86127167630059,47.5606936416185,right
Default PFCdPFCm 19,21.92893401015229,40.477157360406096,45.97969543147208,right
Default PFCdPFCm 20,27.026737967914443,29.14438502673798,41.978609625668454,right
Default PFCdPFCm 21,14.157480314960637,33.488188976377955,55.53543307086615,right
Default PFCdPFCm 22,23.877192982456137,26.55263157894737,52.91228070175438,right
Default PFCdPFCm 23,5.351351351351354,23.675675675675677,60.54054054054055,right
Default PFCdPFCm 24,11.084745762711862,19.194915254237287,63.76271186440678,right
Default pCunPCC 1,10.079999999999998,-48.346666666666664,7.546666666666667,right
Default pCunPCC 2,10.888888888888886,-54.56944444444444,13.277777777777771,right
Default pCunPCC 3,7.0,-46.71428571428571,14.285714285714292,right
Default pCunPCC 4,16.622754491017957,-58.16766467065868,21.34131736526946,right
Default pCunPCC 5,7.517241379310349,-42.27586206896552,22.689655172413794,right
Default pCunPCC 6,5.2907801418439675,-52.51063829787235,19.929078014184398,right
Default pCunPCC 7,4.299999999999997,-61.45,22.799999999999997,right
Default pCunPCC 8,4.988505747126439,-44.98850574712644,28.689655172413794,right
Default pCunPCC 9,5.907692307692301,-65.78461538461539,27.84615384615384,right
Default pCunPCC 10,7.753846153846155,-54.64615384615385,29.13846153846154,right
Default pCunPCC 11,5.643835616438352,-38.27397260273973,32.38356164383562,right
Default pCunPCC 12,3.9496855345911968,-29.18238993710692,35.89937106918239,right
Default pCunPCC 13,11.914285714285711,-43.71428571428571,34.17142857142858,right
Default pCunPCC 14,3.9636363636363683,-16.400000000000006,37.236363636363635,right
Default pCunPCC 15,4.4466019417475735,-65.4368932038835,36.01941747572816,right
Default pCunPCC 16,9.622950819672127,-53.09836065573771,36.26229508196721,right
Default pCunPCC 17,7.469696969696969,-49.81818181818181,43.92424242424242,right
Default pCunPCC 18,6.443113772455092,-61.61676646706587,44.0119760479042,right
Cont pCun 2,6.333333333333329,-37.47222222222223,39.138888888888886,right
Cont pCun 4,7.704545454545453,-44.31818181818181,40.68181818181819,right
