,R001,R002,R003,R004,R005,R006,R007,R008,R009,R010,R011,R012,R013,R014,R015,R016,R017,R018,R019,R020,R021,R022,R023,R024,R025,R026,R027,R028,R029,R030,R031,R032,R033,R034,R035,R036,R037,R038,R039,R040,R041,R042,R043,R044,R045,R046,R047,R048,R049,R050,R051,R052,R053,R054,R055,R056,R057,R058,R059,R060,R061,R062,R063,R064,R065,R066,R067,R068,R069,R070,R071,R072,R073,R074,R075,R076,R077,R078,R079,R080,R081,R082,R083,R084,R085,R086,R087,R088,R089,R090,R091,R092,R093,R094,R095,R096,R097,R098,R099,R100
R001,1.0000,0.8490,0.8541,0.8260,0.8301,0.8250,0.8639,0.8608,0.8608,0.8317,0.8543,0.8247,0.8926,0.8127,0.3382,0.3075,0.2869,0.3179,0.3181,0.2512,0.2994,0.3217,0.2700,0.2858,0.3148,0.3267,0.2717,0.3736,0.3222,0.4189,0.2479,0.3489,0.2926,0.4590,0.2755,0.3240,0.2630,0.3831,-0.1265,-0.0999,-0.1249,-0.0666,-0.2375,-0.0680,-0.1195,-0.1574,0.0013,-0.0823,-0.0806,-0.1212,0.0560,0.2144,0.2274,0.1023,0.0303,0.1018,0.1634,0.0367,0.1126,0.0376,0.1449,0.1720,-0.0134,0.1652,0.1189,0.1247,0.0302,0.0452,0.0461,0.2109,0.1782,0.0166,0.1571,0.1798,0.0941,0.1057,0.0437,0.2554,0.1116,0.1107,0.0234,0.1222,0.2311,0.1591,0.1883,0.1679,0.1616,0.1484,0.1653,0.1090,0.1517,0.0732,0.0559,0.1348,0.1503,0.0259,0.0935,0.1469,0.1285,0.1318
R002,0.8490,1.0000,0.8056,0.8052,0.8173,0.8366,0.8051,0.8406,0.8326,0.7965,0.8490,0.7664,0.8458,0.7841,0.3002,0.3115,0.2708,0.2840,0.2937,0.2371,0.2629,0.2711,0.2779,0.2861,0.3003,0.3226,0.1648,0.3049,0.2115,0.3057,0.1655,0.2210,0.1904,0.3610,0.1877,0.2201,0.1579,0.2878,-0.1164,-0.1247,-0.1300,-0.1005,-0.2737,-0.0647,-0.1507,-0.1732,-0.0247,-0.1409,-0.0956,-0.1699,0.0245,0.1533,0.2019,0.0305,-0.0216,0.0522,0.0890,-0.0105,0.0777,-0.0189,0.1043,0.1348,-0.0696,0.1040,0.0609,0.0839,-0.0131,-0.0260,-0.0003,0.1546,0.2437,0.1015,0.2106,0.2139,0.1652,0.1611,0.1414,0.2879,0.1801,0.1498,0.0789,0.1822,0.2650,0.2497,0.2613,0.2153,0.2398,0.2088,0.2481,0.1762,0.2423,0.1225,0.1315,0.1905,0.2103,0.1109,0.1625,0.2152,0.2078,0.2082
R003,0.8541,0.8056,1.0000,0.7740,0.8610,0.7991,0.8457,0.7986,0.8712,0.8342,0.8669,0.7923,0.8614,0.8002,0.5059,0.4783,0.4609,0.4803,0.4940,0.4355,0.4550,0.4833,0.4525,0.4625,0.4538,0.4941,0.2343,0.3744,0.2448,0.3834,0.2571,0.2571,0.2280,0.3883,0.1832,0.3010,0.2177,0.3307,-0.0987,-0.0453,-0.0758,-0.0512,-0.2131,-0.0723,-0.1126,-0.1517,0.0219,-0.0401,-0.0695,-0.1409,0.1669,0.3343,0.3221,0.1632,0.1219,0.2026,0.1950,0.1242,0.1542,0.0676,0.1556,0.2388,0.0619,0.2230,0.2039,0.2054,0.0823,0.0734,0.1212,0.2542,0.2359,0.0670,0.2228,0.2485,0.1549,0.1931,0.1237,0.2781,0.1434,0.1734,0.0408,0.1981,0.2932,0.1907,0.2431,0.1778,0.2363,0.1627,0.2266,0.1755,0.2092,0.1325,0.0794,0.2075,0.2386,0.0710,0.1426,0.1863,0.2041,0.1762
R004,0.8260,0.8052,0.7740,1.0000,0.8006,0.8191,0.8079,0.8090,0.8185,0.7905,0.8140,0.7905,0.8011,0.7632,0.2795,0.2395,0.2137,0.1951,0.2198,0.1580,0.2036,0.2301,0.1894,0.2365,0.1990,0.2470,0.2378,0.3128,0.2345,0.3246,0.2181,0.2531,0.2106,0.3466,0.2270,0.2889,0.2179,0.3277,0.0844,0.0678,0.0719,0.1604,-0.0272,0.1666,0.0756,0.0586,0.1990,0.0695,0.1027,0.0598,0.0670,0.1398,0.1658,0.0891,0.0281,0.0712,0.1597,0.0656,0.1660,0.0501,0.1720,0.1600,0.0092,0.1658,0.1181,0.1171,0.0674,0.0698,0.0889,0.1868,0.1832,0.0755,0.1840,0.1954,0.1016,0.1033,0.0853,0.2545,0.1029,0.1231,0.1073,0.0704,0.2316,0.1634,0.1869,0.2196,0.1950,0.1370,0.1665,0.1038,0.1644,0.0735,0.0420,0.0992,0.1484,0.0400,0.0862,0.1688,0.1491,0.1551
R005,0.8301,0.8173,0.8610,0.8006,1.0000,0.8148,0.8257,0.8252,0.8578,0.8256,0.8559,0.7759,0.8707,0.7963,0.4559,0.4421,0.3976,0.4462,0.4417,0.3883,0.4350,0.4425,0.4105,0.4245,0.4417,0.4701,0.2373,0.3891,0.2617,0.3360,0.2312,0.2486,0.2161,0.3759,0.2092,0.2708,0.2187,0.3317,-0.0329,0.0009,-0.0246,0.0239,-0.1544,0.0220,-0.0423,-0.0621,0.1178,-0.0013,-0.0150,-0.0756,0.2011,0.3146,0.3175,0.1697,0.1168,0.1965,0.1972,0.1328,0.1731,0.0925,0.2024,0.2622,0.0683,0.2167,0.1831,0.2015,0.1190,0.1053,0.1141,0.2910,0.2204,0.0454,0.2081,0.2368,0.1346,0.1757,0.1152,0.2771,0.1380,0.1758,0.0329,0.1799,0.2566,0.1659,0.2299,0.1741,0.2402,0.1560,0.1842,0.1544,0.2188,0.1108,0.0666,0.1833,0.2214,0.0585,0.1129,0.1424,0.1823,0.1794
R006,0.8250,0.8366,0.7991,0.8191,0.8148,1.0000,0.8306,0.8014,0.8288,0.8184,0.8625,0.7723,0.8433,0.7800,0.3062,0.2864,0.2656,0.2818,0.2919,0.2362,0.2723,0.2596,0.2536,0.2966,0.2709,0.3151,0.1934,0.3248,0.2107,0.3060,0.1959,0.1900,0.1617,0.3344,0.1557,0.2452,0.1772,0.2841,0.0115,0.0268,-0.0011,0.0751,-0.0996,0.0635,-0.0315,-0.0526,0.1204,0.0015,0.0529,-0.0228,0.0732,0.2155,0.2159,0.1249,0.0320,0.1171,0.1785,0.0891,0.1697,0.0888,0.1809,0.1965,0.0523,0.2046,0.1563,0.1695,0.0909,0.0782,0.1332,0.2088,0.1859,0.0228,0.1445,0.1493,0.1211,0.1070,0.0737,0.2502,0.0928,0.1479,0.0358,0.1200,0.2392,0.1310,0.1822,0.1965,0.2030,0.1317,0.1654,0.0952,0.1600,0.0879,0.0512,0.1192,0.1614,0.0361,0.1034,0.1642,0.1377,0.1713
R007,0.8639,0.8051,0.8457,0.8079,0.8257,0.8306,1.0000,0.8241,0.8378,0.8490,0.8361,0.8008,0.8619,0.7925,0.3992,0.3745,0.3518,0.3602,0.3805,0.3095,0.3661,0.3916,0.3243,0.3612,0.3619,0.3849,0.2604,0.3768,0.2783,0.3296,0.2687,0.2652,0.1958,0.3779,0.2123,0.2859,0.2606,0.3556,-0.0133,0.0115,-0.0172,0.0352,-0.1123,0.0472,-0.0158,-0.0543,0.1261,0.0250,0.0355,-0.0495,0.0915,0.2120,0.2275,0.1308,0.0641,0.1109,0.3029,0.1954,0.2565,0.1677,0.2533,0.3229,0.1497,0.3043,0.2614,0.2517,0.1884,0.1903,0.2120,0.3364,0.1436,-0.0117,0.0913,0.1573,0.0730,0.0864,0.0210,0.2142,0.0902,0.0965,-0.0034,0.1067,0.2129,0.1227,0.1572,0.1210,0.1448,0.0696,0.1292,0.0694,0.1278,0.0367,-0.0136,0.1245,0.1430,-0.0206,0.0648,0.1115,0.0671,0.1235
R008,0.8608,0.8406,0.7986,0.8090,0.8252,0.8014,0.8241,1.0000,0.8271,0.7970,0.8400,0.7806,0.8289,0.8132,0.2907,0.2843,0.2485,0.2644,0.2607,0.2205,0.2416,0.2743,0.2259,0.2467,0.2758,0.2980,0.2881,0.4220,0.3218,0.3967,0.3000,0.3305,0.3039,0.4615,0.2770,0.3248,0.2684,0.3697,-0.1247,-0.1056,-0.1398,-0.0997,-0.2210,-0.0665,-0.1427,-0.1368,-0.0101,-0.1050,-0.1146,-0.1480,0.0153,0.1562,0.1974,0.0939,-0.0074,0.0856,0.1461,0.0576,0.1274,0.0442,0.1640,0.2062,-0.0079,0.1798,0.1128,0.1293,0.0655,0.0528,0.0619,0.1811,0.2004,0.0825,0.1923,0.2516,0.1453,0.1616,0.1160,0.2915,0.1834,0.1359,0.0874,0.1306,0.2744,0.1983,0.2032,0.1853,0.2526,0.1785,0.2181,0.1454,0.1598,0.1113,0.1183,0.2039,0.1977,0.0818,0.1377,0.1947,0.1637,0.2158
R009,0.8608,0.8326,0.8712,0.8185,0.8578,0.8288,0.8378,0.8271,1.0000,0.8194,0.8663,0.8256,0.8810,0.8569,0.4468,0.4107,0.3971,0.3996,0.4043,0.3526,0.3929,0.4092,0.3978,0.4054,0.4016,0.4275,0.2607,0.3949,0.3004,0.4001,0.2459,0.2844,0.2306,0.4328,0.2557,0.3074,0.2548,0.3632,-0.0305,0.0022,-0.0433,0.0064,-0.1622,0.0236,-0.0909,-0.0794,0.1002,-0.0359,-0.0198,-0.0949,0.1665,0.3357,0.3232,0.1973,0.1373,0.2128,0.1714,0.0475,0.1352,0.0343,0.1460,0.1947,0.0466,0.1784,0.1620,0.1529,0.0476,0.0520,0.0841,0.2422,0.1722,0.0249,0.1716,0.1930,0.0978,0.1249,0.0547,0.2485,0.1013,0.1192,0.0331,0.0903,0.2487,0.1383,0.2146,0.1517,0.1642,0.0977,0.1504,0.1149,0.1640,0.0792,0.0305,0.1478,0.1676,0.0282,0.0750,0.1196,0.1670,0.1490
R010,0.8317,0.7965,0.8342,0.7905,0.8256,0.8184,0.8490,0.7970,0.8194,1.0000,0.8262,0.7671,0.8293,0.7723,0.4231,0.4020,0.3806,0.3821,0.4011,0.3315,0.3808,0.3951,0.3498,0.4032,0.3569,0.4184,0.1456,0.2750,0.1885,0.2373,0.1628,0.1829,0.1227,0.2992,0.1407,0.2000,0.1569,0.2666,-0.0187,0.0014,-0.0208,0.0078,-0.1198,0.0183,-0.0388,-0.0771,0.0490,-0.0077,0.0064,-0.0563,0.0645,0.1947,0.1847,0.0739,0.0207,0.0769,0.2709,0.1486,0.1804,0.1228,0.1938,0.2364,0.0793,0.2539,0.1860,0.1881,0.1115,0.0917,0.1373,0.2786,0.1271,-0.0151,0.1460,0.1492,0.0583,0.0805,0.0563,0.2237,0.0644,0.0952,0.0142,0.0968,0.2105,0.0993,0.1632,0.1471,0.1597,0.0979,0.1339,0.1044,0.1453,0.0501,0.0094,0.1314,0.1259,-0.0379,0.0655,0.1381,0.1040,0.1195
R011,0.8543,0.8490,0.8669,0.8140,0.8559,0.8625,0.8361,0.8400,0.8663,0.8262,1.0000,0.7960,0.8713,0.8002,0.3715,0.3690,0.3476,0.3481,0.3542,0.3014,0.3474,0.3402,0.3214,0.3642,0.3497,0.4012,0.2357,0.3716,0.2497,0.3475,0.2251,0.2781,0.2252,0.4067,0.1962,0.2870,0.2027,0.3239,-0.0984,-0.0767,-0.0926,-0.0336,-0.1921,-0.0398,-0.1193,-0.1289,0.0237,-0.0445,-0.0597,-0.1190,0.1062,0.2775,0.2967,0.1254,0.0716,0.1653,0.1714,0.0804,0.1447,0.0441,0.1645,0.1993,0.0157,0.1764,0.1491,0.1643,0.0488,0.0690,0.0817,0.2322,0.1818,0.0360,0.1945,0.1917,0.1077,0.1493,0.0908,0.2612,0.0973,0.1367,0.0382,0.1259,0.2357,0.1771,0.2050,0.1528,0.1980,0.1425,0.1904,0.1283,0.1882,0.0941,0.0527,0.1584,0.1923,0.0239,0.1158,0.1792,0.1586,0.1898
R012,0.8247,0.7664,0.7923,0.7905,0.7759,0.7723,0.8008,0.7806,0.8256,0.7671,0.7960,1.0000,0.8128,0.7833,0.3590,0.3219,0.2850,0.3122,0.3149,0.2737,0.3226,0.3724,0.2930,0.3230,0.3517,0.3569,0.2841,0.4151,0.2916,0.3873,0.2430,0.3480,0.2749,0.4180,0.2549,0.3403,0.2697,0.3664,-0.0263,-0.0230,-0.0642,0.0203,-0.1524,0.0370,-0.0264,-0.0501,0.0944,-0.0293,0.0082,-0.0655,0.0493,0.1969,0.2224,0.0866,0.0043,0.1003,0.1932,0.0171,0.1274,0.0265,0.1440,0.1814,-0.0126,0.1370,0.1472,0.1528,0.0423,0.0390,0.1022,0.1946,0.1309,0.0015,0.1091,0.1499,0.0375,0.0669,0.0318,0.2102,0.0534,0.1071,0.0222,0.0425,0.1869,0.0887,0.1543,0.1075,0.1318,0.0737,0.1403,0.0767,0.1192,0.0071,-0.0219,0.0932,0.1075,-0.0172,0.0408,0.0924,0.1255,0.0904
R013,0.8926,0.8458,0.8614,0.8011,0.8707,0.8433,0.8619,0.8289,0.8810,0.8293,0.8713,0.8128,1.0000,0.8288,0.4456,0.4215,0.3961,0.4209,0.4238,0.3707,0.4285,0.4304,0.3909,0.4116,0.4137,0.4422,0.2051,0.3406,0.2239,0.3162,0.1991,0.2408,0.1944,0.3640,0.1809,0.2501,0.1968,0.3045,-0.1285,-0.0964,-0.1222,-0.0540,-0.2215,-0.0380,-0.1696,-0.1293,0.0515,-0.0663,-0.0728,-0.1344,0.1321,0.2932,0.3059,0.1276,0.0634,0.1282,0.1952,0.0815,0.1589,0.0693,0.1716,0.1793,0.0263,0.1863,0.1761,0.1830,0.0573,0.0641,0.0842,0.2627,0.1196,-0.0510,0.1073,0.1323,0.0324,0.0620,0.0080,0.1737,0.0344,0.0572,-0.0590,0.0617,0.1819,0.0919,0.1415,0.0667,0.1176,0.0527,0.1066,0.0484,0.0884,0.0231,-0.0206,0.0862,0.1048,-0.0561,0.0390,0.0552,0.0714,0.0795
R014,0.8127,0.7841,0.8002,0.7632,0.7963,0.7800,0.7925,0.8132,0.8569,0.7723,0.8002,0.7833,0.8288,1.0000,0.3787,0.3426,0.3228,0.3377,0.3001,0.2727,0.3155,0.3494,0.3356,0.3409,0.3618,0.3521,0.3061,0.4201,0.3628,0.3968,0.3103,0.3249,0.2757,0.4316,0.2625,0.3643,0.3046,0.3967,-0.0340,-0.0135,-0.0723,0.0115,-0.1297,0.0142,-0.0776,-0.0926,0.0878,-0.0223,-0.0014,-0.0632,0.1558,0.3316,0.3133,0.2125,0.1165,0.2294,0.1734,0.0720,0.1592,0.0534,0.1649,0.2440,0.0672,0.2022,0.1446,0.1648,0.0761,0.0842,0.0831,0.2200,0.1908,0.0629,0.1976,0.2064,0.1035,0.1266,0.0676,0.2315,0.1295,0.1081,0.0566,0.1286,0.2267,0.1486,0.1993,0.1687,0.1874,0.1411,0.1746,0.1567,0.1378,0.0876,0.0743,0.1489,0.1874,0.0387,0.1013,0.1402,0.1573,0.1748
R015,0.3382,0.3002,0.5059,0.2795,0.4559,0.3062,0.3992,0.2907,0.4468,0.4231,0.3715,0.3590,0.4456,0.3787,1.0000,0.9017,0.8970,0.8875,0.9021,0.8845,0.8860,0.8951,0.8990,0.8859,0.8688,0.8551,0.1764,0.2770,0.0844,0.1889,0.1169,0.1403,0.1081,0.2205,0.0048,0.1760,0.1251,0.2479,-0.0392,0.0794,0.0396,-0.0631,-0.1179,-0.0383,-0.1178,-0.0709,0.0717,0.0502,-0.0821,-0.1879,0.2918,0.4497,0.4423,0.1742,0.2175,0.3264,0.3219,0.2568,0.2510,0.2490,0.2264,0.3533,0.2624,0.3260,0.2880,0.3572,0.1667,0.1673,0.2484,0.3828,0.1284,-0.0136,0.1420,0.2145,0.0569,0.1824,0.1162,0.1221,-0.0422,0.1209,-0.0518,0.1893,0.1705,0.0104,0.2174,0.0221,0.1036,-0.0196,0.0710,0.1149,0.2101,0.0344,0.0156,0.1947,0.1531,-0.0172,0.0446,0.0048,0.1696,0.0684
R016,0.3075,0.3115,0.4783,0.2395,0.4421,0.2864,0.3745,0.2843,0.4107,0.4020,0.3690,0.3219,0.4215,0.3426,0.9017,1.0000,0.9163,0.8915,0.9150,0.8960,0.8969,0.8893,0.8972,0.8877,0.8772,0.9055,0.1276,0.2534,0.0581,0.1472,0.0950,0.1048,0.1121,0.2283,-0.0367,0.1211,0.0701,0.2274,-0.0953,0.0179,-0.0405,-0.1570,-0.1951,-0.1005,-0.1458,-0.1441,-0.0016,-0.0380,-0.1515,-0.2435,0.2051,0.3688,0.3301,0.0337,0.1050,0.2093,0.2818,0.2428,0.2067,0.2325,0.1747,0.3292,0.2300,0.3143,0.2642,0.3540,0.1442,0.1111,0.2512,0.3262,0.1416,0.0173,0.1707,0.2288,0.0926,0.1973,0.1625,0.1267,-0.0144,0.1555,-0.0437,0.2162,0.2043,0.0482,0.2376,0.0282,0.1156,0.0219,0.1175,0.1359,0.2128,0.0605,0.0450,0.2109,0.1651,0.0223,0.0935,0.0287,0.1931,0.0938
R017,0.2869,0.2708,0.4609,0.2137,0.3976,0.2656,0.3518,0.2485,0.3971,0.3806,0.3476,0.2850,0.3961,0.3228,0.8970,0.9163,1.0000,0.8826,0.8965,0.8976,0.8946,0.8638,0.8860,0.8624,0.8598,0.8659,0.0510,0.1489,-0.0229,0.0814,0.0137,0.0595,0.0357,0.1250,-0.1262,0.0538,0.0027,0.1528,-0.1361,-0.0159,-0.0591,-0.1737,-0.2161,-0.1334,-0.1906,-0.1617,-0.0484,-0.0529,-0.1846,-0.2677,0.2061,0.3752,0.3559,0.0501,0.1304,0.2394,0.2265,0.1647,0.1474,0.1576,0.1191,0.2604,0.1915,0.2453,0.2135,0.2963,0.0903,0.0513,0.1722,0.2682,0.0750,-0.0507,0.1072,0.1654,0.0425,0.1424,0.0872,0.0758,-0.0782,0.0970,-0.0832,0.1452,0.1306,-0.0199,0.1790,-0.0234,0.0623,-0.0671,0.0496,0.0733,0.1484,0.0079,-0.0311,0.1676,0.1297,-0.0618,0.0340,-0.0279,0.1293,0.0154
R018,0.3179,0.2840,0.4803,0.1951,0.4462,0.2818,0.3602,0.2644,0.3996,0.3821,0.3481,0.3122,0.4209,0.3377,0.8875,0.8915,0.8826,1.0000,0.8892,0.8899,0.9052,0.8481,0.8922,0.8684,0.9029,0.8575,0.1676,0.2573,0.0826,0.1808,0.0989,0.1672,0.1205,0.2241,-0.0374,0.1445,0.0876,0.2327,-0.1344,-0.0006,-0.0734,-0.1719,-0.1979,-0.1438,-0.2138,-0.1734,-0.0239,-0.0345,-0.1713,-0.2787,0.3219,0.4809,0.4396,0.1705,0.2338,0.3698,0.2389,0.2048,0.1655,0.1566,0.1550,0.3017,0.2035,0.2818,0.2259,0.3134,0.1047,0.0860,0.2108,0.3157,0.1469,0.0351,0.1768,0.2417,0.1080,0.1809,0.1522,0.1159,0.0042,0.1722,-0.0381,0.2578,0.1862,0.0473,0.2433,0.0333,0.1292,0.0041,0.0993,0.1566,0.2041,0.0666,0.0688,0.2294,0.2029,0.0405,0.0858,0.0236,0.1909,0.0827
R019,0.3181,0.2937,0.4940,0.2198,0.4417,0.2919,0.3805,0.2607,0.4043,0.4011,0.3542,0.3149,0.4238,0.3001,0.9021,0.9150,0.8965,0.8892,1.0000,0.8935,0.9003,0.8707,0.8959,0.8693,0.8718,0.8886,0.0791,0.1959,-0.0320,0.0878,0.0257,0.0263,0.0395,0.1618,-0.1177,0.0640,0.0103,0.1476,-0.1001,0.0156,-0.0214,-0.1662,-0.2001,-0.1195,-0.1649,-0.1401,-0.0170,-0.0312,-0.1338,-0.2489,0.2281,0.3859,0.3644,0.0636,0.1527,0.2550,0.2647,0.1907,0.1764,0.1739,0.1330,0.2668,0.1801,0.2646,0.2345,0.3072,0.0905,0.0773,0.2060,0.3034,0.1448,0.0236,0.1485,0.2340,0.1172,0.2066,0.1727,0.1596,0.0069,0.1740,-0.0286,0.2387,0.2016,0.0738,0.2548,0.0458,0.1468,0.0133,0.1236,0.1527,0.2506,0.0870,0.0376,0.2394,0.1882,0.0296,0.0788,0.0329,0.1986,0.0678
R020,0.2512,0.2371,0.4355,0.1580,0.3883,0.2362,0.3095,0.2205,0.3526,0.3315,0.3014,0.2737,0.3707,0.2727,0.8845,0.8960,0.8976,0.8899,0.8935,1.0000,0.8850,0.8582,0.8989,0.8650,0.8725,0.8777,0.0973,0.2179,0.0179,0.1121,0.0572,0.0830,0.0939,0.1747,-0.0793,0.1035,0.0270,0.1899,-0.1077,0.0066,-0.0557,-0.1749,-0.2097,-0.1395,-0.1750,-0.1525,-0.0300,-0.0206,-0.1946,-0.2623,0.1914,0.3656,0.3233,0.0696,0.1330,0.2397,0.2318,0.2116,0.1707,0.1910,0.1478,0.2768,0.2180,0.2590,0.2157,0.3069,0.1166,0.0980,0.2055,0.2883,0.1562,0.0474,0.1669,0.2544,0.1053,0.2272,0.1897,0.1374,0.0111,0.1647,-0.0108,0.2283,0.2146,0.0645,0.2584,0.0639,0.1357,0.0117,0.1322,0.1433,0.2451,0.0949,0.0908,0.2587,0.1959,0.0292,0.1090,0.0493,0.2206,0.0846
R021,0.2994,0.2629,0.4550,0.2036,0.4350,0.2723,0.3661,0.2416,0.3929,0.3808,0.3474,0.3226,0.4285,0.3155,0.8860,0.8969,0.8946,0.9052,0.9003,0.8850,1.0000,0.8785,0.8992,0.8788,0.8984,0.8862,0.1119,0.1974,0.0224,0.0777,0.0327,0.0743,0.0581,0.1608,-0.0733,0.0722,0.0401,0.1827,-0.1361,-0.0242,-0.0851,-0.1494,-0.2120,-0.1294,-0.1998,-0.1476,-0.0189,-0.0418,-0.1634,-0.2593,0.2884,0.4385,0.3787,0.0917,0.1610,0.2799,0.3080,0.2560,0.2367,0.2451,0.2320,0.3439,0.2612,0.3500,0.3081,0.3802,0.1684,0.1613,0.2967,0.3652,0.0879,-0.0521,0.0804,0.1857,0.0463,0.1398,0.0983,0.0749,-0.0656,0.1137,-0.1121,0.1562,0.1426,-0.0177,0.1842,-0.0296,0.0591,-0.0654,0.0555,0.0793,0.1712,0.0035,-0.0185,0.1630,0.1498,-0.0377,0.0417,-0.0359,0.1399,0.0179
R022,0.3217,0.2711,0.4833,0.2301,0.4425,0.2596,0.3916,0.2743,0.4092,0.3951,0.3402,0.3724,0.4304,0.3494,0.8951,0.8893,0.8638,0.8481,0.8707,0.8582,0.8785,1.0000,0.8723,0.8465,0.8771,0.8641,0.1909,0.2961,0.1452,0.2181,0.1553,0.1924,0.1679,0.2696,0.0475,0.1984,0.1529,0.2931,-0.0947,0.0166,-0.0615,-0.1084,-0.1783,-0.0664,-0.1282,-0.1014,0.0057,0.0212,-0.1428,-0.2336,0.2703,0.4304,0.4056,0.1431,0.1593,0.3021,0.3319,0.2643,0.2427,0.2621,0.2445,0.3560,0.2743,0.3475,0.3173,0.3831,0.1776,0.1968,0.3014,0.3936,0.0835,-0.0477,0.0760,0.1882,0.0379,0.1812,0.1038,0.0851,-0.0284,0.0855,-0.0980,0.1459,0.1552,0.0074,0.1681,-0.0024,0.0548,-0.0488,0.0476,0.0844,0.1600,-0.0051,0.0041,0.1564,0.1308,-0.0234,0.0257,-0.0169,0.1221,0.0392
R023,0.2700,0.2779,0.4525,0.1894,0.4105,0.2536,0.3243,0.2259,0.3978,0.3498,0.3214,0.2930,0.3909,0.3356,0.8990,0.8972,0.8860,0.8922,0.8959,0.8989,0.8992,0.8723,1.0000,0.8540,0.8955,0.8756,0.1841,0.2467,0.0727,0.1404,0.0876,0.1091,0.1255,0.2213,-0.0589,0.1517,0.0777,0.2163,-0.0419,0.0586,-0.0111,-0.0958,-0.1491,-0.0681,-0.1550,-0.0960,0.0302,0.0322,-0.1192,-0.2038,0.3399,0.5043,0.4616,0.1941,0.2573,0.3810,0.2192,0.1687,0.1449,0.1499,0.1197,0.2594,0.1805,0.2515,0.1886,0.2766,0.0700,0.0665,0.1911,0.2990,0.1579,0.0513,0.1990,0.2463,0.1065,0.2103,0.1745,0.1395,0.0208,0.1966,-0.0120,0.2560,0.2196,0.0792,0.2676,0.0575,0.1281,0.0166,0.1080,0.1886,0.2345,0.0910,0.0701,0.2155,0.2071,0.0488,0.0923,0.0422,0.2328,0.0814
R024,0.2858,0.2861,0.4625,0.2365,0.4245,0.2966,0.3612,0.2467,0.4054,0.4032,0.3642,0.3230,0.4116,0.3409,0.8859,0.8877,0.8624,0.8684,0.8693,0.8650,0.8788,0.8465,0.8540,1.0000,0.8628,0.8936,0.1468,0.2468,0.0715,0.1203,0.1016,0.0935,0.0794,0.1980,-0.0543,0.1373,0.0781,0.2132,0.0097,0.1361,0.0834,-0.0215,-0.0943,-0.0074,-0.0525,-0.0377,0.1008,0.1115,-0.0574,-0.1442,0.2818,0.4118,0.3785,0.1356,0.1875,0.2862,0.3495,0.3095,0.2979,0.3056,0.2526,0.3961,0.3207,0.3752,0.3393,0.4143,0.1979,0.2127,0.3188,0.4192,0.2115,0.0978,0.2455,0.3091,0.1695,0.2928,0.2340,0.1915,0.0394,0.1921,0.0549,0.2887,0.2372,0.1173,0.3175,0.1084,0.1930,0.0799,0.1904,0.2207,0.3083,0.1208,0.1335,0.3076,0.2580,0.0833,0.1795,0.1152,0.2624,0.1535
R025,0.3148,0.3003,0.4538,0.1990,0.4417,0.2709,0.3619,0.2758,0.4016,0.3569,0.3497,0.3517,0.4137,0.3618,0.8688,0.8772,0.8598,0.9029,0.8718,0.8725,0.8984,0.8771,0.8955,0.8628,1.0000,0.8654,0.1844,0.3073,0.1235,0.2172,0.1205,0.1987,0.1788,0.2926,0.0264,0.1607,0.1423,0.2919,-0.1291,-0.0306,-0.1068,-0.1767,-0.2103,-0.1383,-0.1880,-0.1575,-0.0376,-0.0234,-0.1863,-0.2865,0.2978,0.4640,0.4314,0.1392,0.1757,0.3681,0.2875,0.2194,0.2118,0.1986,0.2043,0.3426,0.2354,0.3259,0.2760,0.3733,0.1436,0.1455,0.2463,0.3682,0.1230,0.0033,0.1393,0.2427,0.0716,0.1820,0.1351,0.0947,-0.0153,0.1270,-0.0773,0.2176,0.1873,0.0329,0.2107,0.0157,0.1018,-0.0060,0.0819,0.1200,0.2096,0.0253,0.0448,0.2037,0.1684,0.0104,0.0577,0.0230,0.1742,0.0554
R026,0.3267,0.3226,0.4941,0.2470,0.4701,0.3151,0.3849,0.2980,0.4275,0.4184,0.4012,0.3569,0.4422,0.3521,0.8551,0.9055,0.8659,0.8575,0.8886,0.8777,0.8862,0.8641,0.8756,0.8936,0.8654,1.0000,0.1708,0.2862,0.1086,0.1759,0.1292,0.1177,0.1324,0.2571,0.0016,0.1656,0.1008,0.2747,-0.0525,0.0419,-0.0320,-0.1281,-0.1854,-0.0744,-0.1288,-0.1220,0.0157,0.0057,-0.1331,-0.2062,0.1973,0.3720,0.3342,0.0706,0.1098,0.2347,0.2921,0.2359,0.2415,0.2208,0.1642,0.3354,0.2348,0.3090,0.2800,0.3885,0.1467,0.1511,0.2932,0.3442,0.2146,0.0854,0.2421,0.3024,0.1592,0.2962,0.2338,0.1998,0.0533,0.2164,0.0440,0.2748,0.2536,0.1383,0.3145,0.1162,0.1983,0.1062,0.1846,0.1972,0.2969,0.1451,0.1342,0.3014,0.2607,0.1008,0.1506,0.0925,0.2506,0.1383
R027,0.2717,0.1648,0.2343,0.2378,0.2373,0.1934,0.2604,0.2881,0.2607,0.1456,0.2357,0.2841,0.2051,0.3061,0.1764,0.1276,0.0510,0.1676,0.0791,0.0973,0.1119,0.1909,0.1841,0.1468,0.1844,0.1708,1.0000,0.7429,0.8090,0.7605,0.8133,0.7785,0.7737,0.7713,0.7462,0.8149,0.8107,0.7678,0.1755,0.2311,0.1570,0.2962,0.1390,0.2317,0.1805,0.1919,0.2106,0.2859,0.1366,0.1274,0.2954,0.4004,0.3926,0.4734,0.3083,0.4359,0.3861,0.3380,0.3609,0.3308,0.3911,0.4161,0.3265,0.3862,0.3606,0.3429,0.3914,0.4108,0.3816,0.3850,0.1470,0.1323,0.2430,0.2922,0.1805,0.2451,0.0740,0.0956,0.3066,0.1177,0.1777,0.2440,0.1993,0.1974,0.1151,0.2017,0.1666,0.1734,0.1365,0.1601,0.1239,0.0960,0.2262,0.2197,0.2107,0.2309,0.0931,0.1949,0.1614,0.2861
R028,0.3736,0.3049,0.3744,0.3128,0.3891,0.3248,0.3768,0.4220,0.3949,0.2750,0.3716,0.4151,0.3406,0.4201,0.2770,0.2534,0.1489,0.2573,0.1959,0.2179,0.1974,0.2961,0.2467,0.2468,0.3073,0.2862,0.7429,1.0000,0.7790,0.7625,0.7617,0.7595,0.7182,0.8070,0.7207,0.7884,0.7959,0.7845,0.1322,0.1928,0.0721,0.2132,0.0609,0.1749,0.1380,0.1514,0.1316,0.1858,0.0667,0.0294,0.2100,0.3524,0.3203,0.3442,0.1650,0.3248,0.3840,0.2896,0.3327,0.2718,0.3788,0.4033,0.2734,0.3563,0.3486,0.3849,0.3566,0.3510,0.3460,0.3731,0.1477,0.1030,0.2292,0.2280,0.1537,0.2264,0.1094,0.1514,0.2433,0.0964,0.1145,0.2201,0.1748,0.2156,0.1470,0.1769,0.1691,0.1414,0.1385,0.1499,0.1685,0.0532,0.2126,0.2245,0.1847,0.1676,0.0879,0.1676,0.1268,0.2731
R029,0.3222,0.2115,0.2448,0.2345,0.2617,0.2107,0.2783,0.3218,0.3004,0.1885,0.2497,0.2916,0.2239,0.3628,0.0844,0.0581,-0.0229,0.0826,-0.0320,0.0179,0.0224,0.1452,0.0727,0.0715,0.1235,0.1086,0.8090,0.7790,1.0000,0.8165,0.8212,0.8116,0.7716,0.7982,0.8146,0.8250,0.8205,0.8015,0.1119,0.1566,0.0625,0.2464,0.0741,0.1546,0.1438,0.1163,0.1096,0.2006,0.0662,0.0674,0.2121,0.3445,0.2562,0.3851,0.1949,0.3410,0.3587,0.3064,0.3874,0.3449,0.4115,0.4437,0.3537,0.4214,0.3628,0.3781,0.3835,0.4651,0.3855,0.3937,0.1028,0.0560,0.1950,0.1864,0.1224,0.1857,0.0228,0.0879,0.2451,0.0234,0.1101,0.1624,0.1017,0.1875,0.0358,0.1525,0.1020,0.1509,0.0944,0.0917,0.0615,0.0258,0.2093,0.1453,0.1441,0.1552,0.0645,0.1563,0.0694,0.2403
R030,0.4189,0.3057,0.3834,0.3246,0.3360,0.3060,0.3296,0.3967,0.4001,0.2373,0.3475,0.3873,0.3162,0.3968,0.1889,0.1472,0.0814,0.1808,0.0878,0.1121,0.0777,0.2181,0.1404,0.1203,0.2172,0.1759,0.7605,0.7625,0.8165,1.0000,0.8077,0.8249,0.7960,0.8240,0.7763,0.8088,0.7745,0.8131,-0.0172,0.0395,-0.0775,0.0931,-0.0684,0.0620,-0.0160,0.0121,0.0190,0.0824,-0.0339,-0.0960,0.2477,0.4215,0.3886,0.4036,0.2106,0.3914,0.2496,0.1507,0.2355,0.1520,0.2323,0.3053,0.1826,0.2831,0.2763,0.2696,0.2434,0.2776,0.2419,0.2633,0.0572,0.0154,0.1230,0.1592,0.0671,0.1338,-0.0196,0.0720,0.1864,-0.0151,0.0402,0.1336,0.1056,0.1164,0.0366,0.1205,0.0535,0.0859,0.0583,0.0295,0.0497,-0.0472,0.1576,0.1365,0.0996,0.1256,-0.0023,0.0974,0.0674,0.1496
R031,0.2479,0.1655,0.2571,0.2181,0.2312,0.1959,0.2687,0.3000,0.2459,0.1628,0.2251,0.2430,0.1991,0.3103,0.1169,0.0950,0.0137,0.0989,0.0257,0.0572,0.0327,0.1553,0.0876,0.1016,0.1205,0.1292,0.8133,0.7617,0.8212,0.8077,1.0000,0.7425,0.7694,0.7594,0.7338,0.8027,0.7577,0.7587,0.1497,0.2053,0.0809,0.2332,0.0865,0.1844,0.1496,0.1380,0.1617,0.2080,0.0595,0.0688,0.2523,0.3701,0.3190,0.4155,0.2215,0.3350,0.2983,0.2754,0.3079,0.2494,0.3094,0.3760,0.2928,0.3406,0.3131,0.2930,0.3437,0.3558,0.3324,0.3118,0.1399,0.1279,0.2277,0.2496,0.1760,0.2562,0.0838,0.1139,0.3043,0.1139,0.1931,0.2276,0.1947,0.2264,0.1088,0.1924,0.1693,0.1817,0.1532,0.1540,0.1141,0.1097,0.2765,0.2413,0.2023,0.2307,0.1255,0.1996,0.1263,0.2841
R032,0.3489,0.2210,0.2571,0.2531,0.2486,0.1900,0.2652,0.3305,0.2844,0.1829,0.2781,0.3480,0.2408,0.3249,0.1403,0.1048,0.0595,0.1672,0.0263,0.0830,0.0743,0.1924,0.1091,0.0935,0.1987,0.1177,0.7785,0.7595,0.8116,0.8249,0.7425,1.0000,0.7769,0.7968,0.7742,0.7913,0.8008,0.7929,-0.0228,-0.0088,-0.0757,0.0923,-0.0488,0.0494,0.0138,0.0203,-0.0019,0.0729,-0.0562,-0.0930,0.1955,0.3185,0.3255,0.3534,0.1239,0.3337,0.3282,0.2269,0.2960,0.2109,0.3419,0.3416,0.2440,0.3317,0.3144,0.3321,0.3046,0.3157,0.2771,0.3014,-0.0376,-0.0381,0.0989,0.0881,0.0199,0.0680,-0.0477,-0.0252,0.1219,-0.0834,-0.0303,0.0775,0.0255,0.0722,-0.0438,0.0633,-0.0237,0.0196,-0.0046,-0.0139,-0.0174,-0.1091,0.1239,0.0750,0.0281,0.0254,-0.0421,0.0174,-0.0295,0.1062
R033,0.2926,0.1904,0.2280,0.2106,0.2161,0.1617,0.1958,0.3039,0.2306,0.1227,0.2252,0.2749,0.1944,0.2757,0.1081,0.1121,0.0357,0.1205,0.0395,0.0939,0.0581,0.1679,0.1255,0.0794,0.1788,0.1324,0.7737,0.7182,0.7716,0.7960,0.7694,0.7769,1.0000,0.7812,0.7597,0.7625,0.7529,0.7436,-0.0502,0.0022,-0.0813,0.0836,-0.0729,0.0269,-0.0195,-0.0226,-0.0407,0.0256,-0.0867,-0.0737,0.1417,0.2418,0.2413,0.2308,0.0482,0.2584,0.2004,0.1450,0.1812,0.1422,0.2312,0.2263,0.1114,0.2333,0.2173,0.2108,0.2098,0.2188,0.2106,0.1823,0.0653,0.0939,0.1865,0.2111,0.0601,0.1869,0.0798,0.0801,0.2290,0.0266,0.0988,0.1688,0.1377,0.1628,0.0636,0.1656,0.1030,0.1381,0.1069,0.1033,0.0573,0.0100,0.2288,0.1761,0.1157,0.1887,0.0556,0.1435,0.0853,0.1780
R034,0.4590,0.3610,0.3883,0.3466,0.3759,0.3344,0.3779,0.4615,0.4328,0.2992,0.4067,0.4180,0.3640,0.4316,0.2205,0.2283,0.1250,0.2241,0.1618,0.1747,0.1608,0.2696,0.2213,0.1980,0.2926,0.2571,0.7713,0.8070,0.7982,0.8240,0.7594,0.7968,0.7812,1.0000,0.7447,0.8078,0.7905,0.7780,0.0081,0.0674,-0.0435,0.0632,-0.0748,0.0274,0.0494,0.0031,0.0137,0.0724,-0.0549,-0.1012,0.1771,0.3449,0.3144,0.3075,0.1401,0.3018,0.3366,0.2374,0.2836,0.2543,0.3153,0.3899,0.2324,0.3433,0.3179,0.3615,0.3118,0.3152,0.3239,0.2907,0.1771,0.1157,0.2554,0.2616,0.1949,0.2336,0.1241,0.1997,0.2751,0.1047,0.1670,0.2342,0.2244,0.2439,0.1753,0.2299,0.2011,0.2220,0.1856,0.1661,0.1601,0.0999,0.2563,0.2625,0.2202,0.2242,0.1199,0.2239,0.1562,0.2817
R035,0.2755,0.1877,0.1832,0.2270,0.2092,0.1557,0.2123,0.2770,0.2557,0.1407,0.1962,0.2549,0.1809,0.2625,0.0048,-0.0367,-0.1262,-0.0374,-0.1177,-0.0793,-0.0733,0.0475,-0.0589,-0.0543,0.0264,0.0016,0.7462,0.7207,0.8146,0.7763,0.7338,0.7742,0.7597,0.7447,1.0000,0.7757,0.7975,0.7404,0.0253,0.0392,-0.0270,0.1488,-0.0007,0.1185,0.0969,0.0677,0.0461,0.0707,0.0061,-0.0058,0.0868,0.1934,0.1632,0.2417,0.0290,0.1754,0.2988,0.2258,0.3010,0.2743,0.3096,0.3317,0.2303,0.3235,0.3200,0.2528,0.3135,0.3688,0.3024,0.2926,-0.0251,-0.0393,0.0608,0.0932,-0.0173,0.0572,-0.0756,-0.0190,0.1345,-0.0886,0.0080,0.0429,0.0419,0.0661,-0.0822,0.0599,-0.0050,0.0329,-0.0220,-0.0488,-0.0282,-0.0738,0.0992,0.0508,-0.0086,0.0549,-0.0696,0.0478,-0.0421,0.1073
R036,0.3240,0.2201,0.3010,0.2889,0.2708,0.2452,0.2859,0.3248,0.3074,0.2000,0.2870,0.3403,0.2501,0.3643,0.1760,0.1211,0.0538,0.1445,0.0640,0.1035,0.0722,0.1984,0.1517,0.1373,0.1607,0.1656,0.8149,0.7884,0.8250,0.8088,0.8027,0.7913,0.7625,0.8078,0.7757,1.0000,0.7989,0.7751,0.1851,0.2342,0.1368,0.2590,0.1120,0.2278,0.1956,0.1946,0.1843,0.2546,0.1513,0.1157,0.2255,0.3931,0.3108,0.3938,0.2239,0.3638,0.3600,0.2734,0.3339,0.2845,0.3418,0.3924,0.2880,0.3455,0.3275,0.3226,0.3433,0.3425,0.3435,0.3247,0.1065,0.0870,0.2039,0.2110,0.1246,0.2102,0.0349,0.0842,0.2445,0.0484,0.1220,0.1869,0.1477,0.2223,0.0877,0.1641,0.1179,0.1283,0.0855,0.1147,0.0819,0.0102,0.1758,0.1433,0.1647,0.1289,0.0581,0.1413,0.0909,0.2177
R037,0.2630,0.1579,0.2177,0.2179,0.2187,0.1772,0.2606,0.2684,0.2548,0.1569,0.2027,0.2697,0.1968,0.3046,0.1251,0.0701,0.0027,0.0876,0.0103,0.0270,0.0401,0.1529,0.0777,0.0781,0.1423,0.1008,0.8107,0.7959,0.8205,0.7745,0.7577,0.8008,0.7529,0.7905,0.7975,0.7989,1.0000,0.7915,0.1493,0.1878,0.1280,0.2503,0.1210,0.1890,0.1770,0.1713,0.1691,0.2544,0.1026,0.0927,0.1743,0.2847,0.2416,0.3406,0.1541,0.2865,0.3906,0.2846,0.3189,0.2828,0.3698,0.3983,0.3017,0.3708,0.3493,0.3582,0.3834,0.4170,0.3632,0.3529,0.0075,-0.0097,0.1222,0.1275,0.0331,0.1153,-0.0285,-0.0035,0.1648,-0.0471,0.0402,0.1111,0.0273,0.0480,-0.0357,0.0884,0.0125,0.0720,-0.0089,0.0256,0.0055,-0.0647,0.1146,0.0786,0.0433,0.0942,-0.0395,0.0844,0.0112,0.1570
R038,0.3831,0.2878,0.3307,0.3277,0.3317,0.2841,0.3556,0.3697,0.3632,0.2666,0.3239,0.3664,0.3045,0.3967,0.2479,0.2274,0.1528,0.2327,0.1476,0.1899,0.1827,0.2931,0.2163,0.2132,0.2919,0.2747,0.7678,0.7845,0.8015,0.8131,0.7587,0.7929,0.7436,0.7780,0.7404,0.7751,0.7915,1.0000,0.1636,0.2157,0.0894,0.2179,0.1092,0.2372,0.1437,0.1566,0.1745,0.2020,0.1095,0.0653,0.2128,0.3567,0.3056,0.3375,0.1750,0.3421,0.3855,0.3065,0.3449,0.2921,0.3712,0.4157,0.3212,0.4224,0.3821,0.4087,0.3599,0.3929,0.3816,0.3751,0.0544,0.0354,0.1162,0.1625,0.0370,0.1612,-0.0029,0.0276,0.1623,-0.0246,0.0371,0.1523,0.0720,0.1047,0.0359,0.1413,0.0435,0.0577,0.0401,0.0348,0.0234,-0.0307,0.1382,0.1342,0.0972,0.1150,-0.0150,0.0893,0.0428,0.1460
R039,-0.1265,-0.1164,-0.0987,0.0844,-0.0329,0.0115,-0.0133,-0.1247,-0.0305,-0.0187,-0.0984,-0.0263,-0.1285,-0.0340,-0.0392,-0.0953,-0.1361,-0.1344,-0.1001,-0.1077,-0.1361,-0.0947,-0.0419,0.0097,-0.1291,-0.0525,0.1755,0.1322,0.1119,-0.0172,0.1497,-0.0228,-0.0502,0.0081,0.0253,0.1851,0.1493,0.1636,1.0000,0.8890,0.8785,0.8447,0.8460,0.8478,0.8548,0.8308,0.8193,0.8121,0.8338,0.8165,0.2318,0.1138,0.0485,0.3057,0.3681,0.1656,0.2267,0.2461,0.1979,0.2204,0.1774,0.2469,0.2535,0.1116,0.0843,0.1541,0.2237,0.2349,0.3042,0.2018,0.3001,0.2863,0.3214,0.2352,0.2388,0.2569,0.1880,0.2236,0.1674,0.2532,0.3583,0.2241,0.1798,0.2193,0.2437,0.3146,0.1923,0.2237,0.1766,0.2220,0.2264,0.2172,0.1966,0.1054,0.1895,0.2468,0.1917,0.2978,0.2682,0.2243
R040,-0.0999,-0.1247,-0.0453,0.0678,0.0009,0.0268,0.0115,-0.1056,0.0022,0.0014,-0.0767,-0.0230,-0.0964,-0.0135,0.0794,0.0179,-0.0159,-0.0006,0.0156,0.0066,-0.0242,0.0166,0.0586,0.1361,-0.0306,0.0419,0.2311,0.1928,0.1566,0.0395,0.2053,-0.0088,0.0022,0.0674,0.0392,0.2342,0.1878,0.2157,0.8890,1.0000,0.8429,0.8349,0.8105,0.8416,0.8138,0.8198,0.8131,0.8126,0.8193,0.7918,0.2927,0.1862,0.1482,0.3490,0.4194,0.2321,0.2789,0.2888,0.2166,0.2717,0.1891,0.2752,0.2902,0.1873,0.1299,0.2008,0.2532,0.2892,0.3382,0.2453,0.3283,0.3107,0.3278,0.2568,0.2576,0.2921,0.1965,0.2274,0.2005,0.2844,0.3594,0.2576,0.2017,0.2383,0.2709,0.3024,0.2128,0.2211,0.1974,0.2584,0.2715,0.2355,0.1969,0.1838,0.2261,0.2650,0.2175,0.3136,0.3113,0.2175
R041,-0.1249,-0.1300,-0.0758,0.0719,-0.0246,-0.0011,-0.0172,-0.1398,-0.0433,-0.0208,-0.0926,-0.0642,-0.1222,-0.0723,0.0396,-0.0405,-0.0591,-0.0734,-0.0214,-0.0557,-0.0851,-0.0615,-0.0111,0.0834,-0.1068,-0.0320,0.1570,0.0721,0.0625,-0.0775,0.0809,-0.0757,-0.0813,-0.0435,-0.0270,0.1368,0.1280,0.0894,0.8785,0.8429,1.0000,0.8302,0.8162,0.8046,0.8181,0.8061,0.7879,0.8132,0.8205,0.8086,0.1780,0.0618,0.0371,0.2479,0.3758,0.1143,0.2190,0.2478,0.1836,0.2421,0.1660,0.2434,0.2476,0.0812,0.0729,0.1382,0.1930,0.2288,0.2727,0.1968,0.2816,0.2930,0.3528,0.2234,0.2578,0.2642,0.1779,0.2108,0.1560,0.2387,0.3492,0.2293,0.1535,0.1984,0.2231,0.2985,0.1968,0.2109,0.1646,0.2419,0.2070,0.2198,0.1778,0.1104,0.1812,0.2186,0.1778,0.2906,0.2842,0.2081
R042,-0.0666,-0.1005,-0.0512,0.1604,0.0239,0.0751,0.0352,-0.0997,0.0064,0.0078,-0.0336,0.0203,-0.0540,0.0115,-0.0631,-0.1570,-0.1737,-0.1719,-0.1662,-0.1749,-0.1494,-0.1084,-0.0958,-0.0215,-0.1767,-0.1281,0.2962,0.2132,0.2464,0.0931,0.2332,0.0923,0.0836,0.0632,0.1488,0.2590,0.2503,0.2179,0.8447,0.8349,0.8302,1.0000,0.8474,0.8656,0.8125,0.8620,0.7927,0.8359,0.8261,0.8300,0.2867,0.1406,0.0971,0.3479,0.3656,0.2009,0.2759,0.2622,0.2309,0.2685,0.2516,0.2563,0.2756,0.1693,0.1462,0.1760,0.2420,0.2820,0.3227,0.2354,0.1566,0.1367,0.1976,0.0956,0.0996,0.1164,0.0229,0.0797,0.0472,0.1048,0.2259,0.0931,0.0230,0.0870,0.0708,0.1961,0.0569,0.0790,0.0322,0.0673,0.0758,0.0686,0.0539,-0.0239,0.0714,0.0958,0.0323,0.1712,0.1318,0.0862
R043,-0.2375,-0.2737,-0.2131,-0.0272,-0.1544,-0.0996,-0.1123,-0.2210,-0.1622,-0.1198,-0.1921,-0.1524,-0.2215,-0.1297,-0.1179,-0.1951,-0.2161,-0.1979,-0.2001,-0.2097,-0.2120,-0.1783,-0.1491,-0.0943,-0.2103,-0.1854,0.1390,0.0609,0.0741,-0.0684,0.0865,-0.0488,-0.0729,-0.0748,-0.0007,0.1120,0.1210,0.1092,0.8460,0.8105,0.8162,0.8474,1.0000,0.8236,0.8072,0.8350,0.7632,0.7867,0.8356,0.8373,0.2270,0.0765,0.0288,0.3223,0.3783,0.1884,0.2599,0.3021,0.2456,0.2780,0.2551,0.2579,0.3143,0.1730,0.1397,0.1810,0.2608,0.2880,0.3197,0.2144,0.0990,0.1166,0.1491,0.0474,0.0453,0.0807,-0.0160,0.0126,-0.0013,0.0929,0.1913,0.0650,-0.0241,0.0358,-0.0019,0.1549,-0.0017,0.0244,-0.0047,0.0069,0.0256,0.0435,0.0031,-0.0689,0.0184,0.0605,0.0052,0.1366,0.0671,0.0374
R044,-0.0680,-0.0647,-0.0723,0.1666,0.0220,0.0635,0.0472,-0.0665,0.0236,0.0183,-0.0398,0.0370,-0.0380,0.0142,-0.0383,-0.1005,-0.1334,-0.1438,-0.1195,-0.1395,-0.1294,-0.0664,-0.0681,-0.0074,-0.1383,-0.0744,0.2317,0.1749,0.1546,0.0620,0.1844,0.0494,0.0269,0.0274,0.1185,0.2278,0.1890,0.2372,0.8478,0.8416,0.8046,0.8656,0.8236,1.0000,0.7888,0.8480,0.8190,0.8016,0.8357,0.8088,0.2702,0.1386,0.1259,0.3159,0.3428,0.1888,0.2208,0.2244,0.2021,0.2263,0.1884,0.2102,0.2276,0.1432,0.1134,0.1540,0.2060,0.2604,0.2818,0.1992,0.1629,0.1607,0.1863,0.1017,0.1104,0.1298,0.0330,0.0848,0.0664,0.1464,0.2130,0.1014,0.0399,0.0902,0.0955,0.1822,0.0656,0.0871,0.0521,0.0805,0.1022,0.0920,0.0562,0.0065,0.0782,0.1121,0.0366,0.1710,0.1441,0.0716
R045,-0.1195,-0.1507,-0.1126,0.0756,-0.0423,-0.0315,-0.0158,-0.1427,-0.0909,-0.0388,-0.1193,-0.0264,-0.1696,-0.0776,-0.1178,-0.1458,-0.1906,-0.2138,-0.1649,-0.1750,-0.1998,-0.1282,-0.1550,-0.0525,-0.1880,-0.1288,0.1805,0.1380,0.1438,-0.0160,0.1496,0.0138,-0.0195,0.0494,0.0969,0.1956,0.1770,0.1437,0.8548,0.8138,0.8181,0.8125,0.8072,0.7888,1.0000,0.7989,0.7465,0.7533,0.7684,0.7985,0.0696,-0.0541,-0.0926,0.1664,0.2244,0.0177,0.2747,0.3145,0.2498,0.2882,0.2574,0.2991,0.2970,0.1713,0.1464,0.2072,0.2956,0.3035,0.3420,0.2414,0.2928,0.2702,0.3057,0.2124,0.2415,0.2453,0.1903,0.2377,0.2008,0.2466,0.3538,0.2054,0.1113,0.2237,0.1983,0.3356,0.1857,0.2554,0.1861,0.1967,0.2199,0.2185,0.1878,0.1220,0.1880,0.2285,0.1978,0.3276,0.2567,0.2227
R046,-0.1574,-0.1732,-0.1517,0.0586,-0.0621,-0.0526,-0.0543,-0.1368,-0.0794,-0.0771,-0.1289,-0.0501,-0.1293,-0.0926,-0.0709,-0.1441,-0.1617,-0.1734,-0.1401,-0.1525,-0.1476,-0.1014,-0.0960,-0.0377,-0.1575,-0.1220,0.1919,0.1514,0.1163,0.0121,0.1380,0.0203,-0.0226,0.0031,0.0677,0.1946,0.1713,0.1566,0.8308,0.8198,0.8061,0.8620,0.8350,0.8480,0.7989,1.0000,0.7617,0.8172,0.7830,0.8051,0.2527,0.1225,0.0627,0.3437,0.3571,0.1692,0.2674,0.2693,0.2403,0.2448,0.2153,0.2123,0.2553,0.1232,0.1427,0.1632,0.2290,0.2487,0.2964,0.2139,0.0846,0.1094,0.1365,0.0518,0.0428,0.0660,-0.0445,0.0021,0.0026,0.0608,0.1642,0.0183,-0.0432,0.0448,0.0254,0.1301,-0.0155,0.0134,-0.0275,0.0070,0.0233,-0.0032,-0.0256,-0.0742,-0.0089,0.0253,-0.0286,0.1110,0.0850,0.0043
R047,0.0013,-0.0247,0.0219,0.1990,0.1178,0.1204,0.1261,-0.0101,0.1002,0.0490,0.0237,0.0944,0.0515,0.0878,0.0717,-0.0016,-0.0484,-0.0239,-0.0170,-0.0300,-0.0189,0.0057,0.0302,0.1008,-0.0376,0.0157,0.2106,0.1316,0.1096,0.0190,0.1617,-0.0019,-0.0407,0.0137,0.0461,0.1843,0.1691,0.1745,0.8193,0.8131,0.7879,0.7927,0.7632,0.8190,0.7465,0.7617,1.0000,0.7850,0.7944,0.7860,0.2882,0.1672,0.1383,0.3255,0.3797,0.1990,0.2060,0.2294,0.1924,0.2092,0.1648,0.2429,0.2402,0.1039,0.1135,0.1224,0.2059,0.2145,0.2519,0.2184,0.1867,0.1635,0.1990,0.1312,0.1111,0.1549,0.0461,0.1247,0.0447,0.2002,0.2022,0.1089,0.0596,0.0865,0.1282,0.1978,0.0806,0.0836,0.0881,0.0853,0.1105,0.1120,0.0354,0.0215,0.0791,0.0871,0.0615,0.1413,0.1631,0.0636
R048,-0.0823,-0.1409,-0.0401,0.0695,-0.0013,0.0015,0.0250,-0.1050,-0.0359,-0.0077,-0.0445,-0.0293,-0.0663,-0.0223,0.0502,-0.0380,-0.0529,-0.0345,-0.0312,-0.0206,-0.0418,0.0212,0.0322,0.1115,-0.0234,0.0057,0.2859,0.1858,0.2006,0.0824,0.2080,0.0729,0.0256,0.0724,0.0707,0.2546,0.2544,0.2020,0.8121,0.8126,0.8132,0.8359,0.7867,0.8016,0.7533,0.8172,0.7850,1.0000,0.7699,0.7927,0.3241,0.2281,0.1765,0.3907,0.4445,0.2517,0.3212,0.3279,0.2597,0.3020,0.2716,0.3048,0.3403,0.2029,0.1918,0.2329,0.2773,0.3524,0.3551,0.2777,0.2053,0.1948,0.2259,0.1586,0.1464,0.1945,0.0804,0.1172,0.0948,0.1743,0.2346,0.1830,0.0810,0.1308,0.1365,0.1926,0.1046,0.1216,0.0840,0.1218,0.1306,0.1217,0.0941,0.0653,0.1259,0.1352,0.0834,0.2243,0.2013,0.1226
R049,-0.0806,-0.0956,-0.0695,0.1027,-0.0150,0.0529,0.0355,-0.1146,-0.0198,0.0064,-0.0597,0.0082,-0.0728,-0.0014,-0.0821,-0.1515,-0.1846,-0.1713,-0.1338,-0.1946,-0.1634,-0.1428,-0.1192,-0.0574,-0.1863,-0.1331,0.1366,0.0667,0.0662,-0.0339,0.0595,-0.0562,-0.0867,-0.0549,0.0061,0.1513,0.1026,0.1095,0.8338,0.8193,0.8205,0.8261,0.8356,0.8357,0.7684,0.7830,0.7944,0.7699,1.0000,0.8045,0.2746,0.1576,0.1068,0.3140,0.3813,0.2097,0.2626,0.2415,0.2222,0.2195,0.1951,0.2482,0.2532,0.1367,0.1306,0.1533,0.2028,0.2404,0.2997,0.2106,0.1876,0.1767,0.1691,0.0937,0.1099,0.1155,0.0418,0.0970,0.0500,0.1469,0.2360,0.1075,0.0526,0.1179,0.1227,0.1925,0.0653,0.0877,0.0590,0.0762,0.1047,0.0915,0.0483,-0.0126,0.0899,0.1202,0.0658,0.1953,0.1626,0.0912
R050,-0.1212,-0.1699,-0.1409,0.0598,-0.0756,-0.0228,-0.0495,-0.1480,-0.0949,-0.0563,-0.1190,-0.0655,-0.1344,-0.0632,-0.1879,-0.2435,-0.2677,-0.2787,-0.2489,-0.2623,-0.2593,-0.2336,-0.2038,-0.1442,-0.2865,-0.2062,0.1274,0.0294,0.0674,-0.0960,0.0688,-0.0930,-0.0737,-0.1012,-0.0058,0.1157,0.0927,0.0653,0.8165,0.7918,0.8086,0.8300,0.8373,0.8088,0.7985,0.8051,0.7860,0.7927,0.8045,1.0000,0.1771,0.0107,-0.0179,0.2340,0.3307,0.0766,0.1268,0.1684,0.1215,0.1698,0.1276,0.1300,0.1694,0.0381,0.0101,0.0413,0.1384,0.1909,0.1979,0.1079,0.1672,0.2194,0.2377,0.0992,0.1266,0.1635,0.0551,0.1161,0.0619,0.2093,0.2426,0.1109,0.0272,0.1493,0.0944,0.2135,0.0911,0.1343,0.1117,0.1086,0.0902,0.1601,0.0439,0.0007,0.0794,0.1098,0.1001,0.1955,0.1676,0.0918
R051,0.0560,0.0245,0.1669,0.0670,0.2011,0.0732,0.0915,0.0153,0.1665,0.0645,0.1062,0.0493,0.1321,0.1558,0.2918,0.2051,0.2061,0.3219,0.2281,0.1914,0.2884,0.2703,0.3399,0.2818,0.2978,0.1973,0.2954,0.2100,0.2121,0.2477,0.2523,0.1955,0.1417,0.1771,0.0868,0.2255,0.1743,0.2128,0.2318,0.2927,0.1780,0.2867,0.2270,0.2702,0.0696,0.2527,0.2882,0.3241,0.2746,0.1771,1.0000,0.8249,0.7746,0.7723,0.7273,0.7903,0.1594,0.1869,0.1637,0.1369,0.2197,0.2406,0.2600,0.2598,0.1619,0.1852,0.1372,0.2066,0.1769,0.2659,0.1529,0.0504,0.1672,0.1037,0.1112,0.1008,-0.0059,0.0398,0.0599,0.1532,0.0590,0.2115,0.1594,0.0864,0.1102,0.0285,0.0973,-0.0393,0.0175,0.1464,0.0717,0.0409,0.0461,0.0632,0.2031,0.0935,0.0178,0.0411,0.1397,0.0878
R052,0.2144,0.1533,0.3343,0.1398,0.3146,0.2155,0.2120,0.1562,0.3357,0.1947,0.2775,0.1969,0.2932,0.3316,0.4497,0.3688,0.3752,0.4809,0.3859,0.3656,0.4385,0.4304,0.5043,0.4118,0.4640,0.3720,0.4004,0.3524,0.3445,0.4215,0.3701,0.3185,0.2418,0.3449,0.1934,0.3931,0.2847,0.3567,0.1138,0.1862,0.0618,0.1406,0.0765,0.1386,-0.0541,0.1225,0.1672,0.2281,0.1576,0.0107,0.8249,1.0000,0.8298,0.7529,0.7250,0.8547,0.2224,0.1752,0.2001,0.1323,0.2523,0.2929,0.2665,0.2904,0.2395,0.2597,0.1392,0.2183,0.2182,0.3427,0.0978,-0.0386,0.1271,0.1080,0.0635,0.0902,-0.0564,0.0010,0.0503,0.1017,-0.0429,0.1945,0.1605,0.0399,0.1073,-0.0235,0.0317,-0.0755,-0.0032,0.0925,0.0641,-0.0087,0.0166,0.0511,0.1904,0.0547,-0.0175,0.0260,0.1165,0.0767
R053,0.2274,0.2019,0.3221,0.1658,0.3175,0.2159,0.2275,0.1974,0.3232,0.1847,0.2967,0.2224,0.3059,0.3133,0.4423,0.3301,0.3559,0.4396,0.3644,0.3233,0.3787,0.4056,0.4616,0.3785,0.4314,0.3342,0.3926,0.3203,0.2562,0.3886,0.3190,0.3255,0.2413,0.3144,0.1632,0.3108,0.2416,0.3056,0.0485,0.1482,0.0371,0.0971,0.0288,0.1259,-0.0926,0.0627,0.1383,0.1765,0.1068,-0.0179,0.7746,0.8298,1.0000,0.7245,0.7153,0.8056,0.1736,0.0951,0.1425,0.0619,0.2114,0.2245,0.1808,0.2081,0.1408,0.2047,0.0756,0.1727,0.1215,0.2949,0.1836,0.0587,0.2072,0.2016,0.1723,0.1605,0.0449,0.1108,0.0989,0.1850,0.0522,0.2560,0.2456,0.1045,0.1801,0.0549,0.1272,0.0329,0.1061,0.2048,0.1764,0.0652,0.1015,0.1502,0.2617,0.1313,0.0699,0.1032,0.1924,0.1564
R054,0.1023,0.0305,0.1632,0.0891,0.1697,0.1249,0.1308,0.0939,0.1973,0.0739,0.1254,0.0866,0.1276,0.2125,0.1742,0.0337,0.0501,0.1705,0.0636,0.0696,0.0917,0.1431,0.1941,0.1356,0.1392,0.0706,0.4734,0.3442,0.3851,0.4036,0.4155,0.3534,0.2308,0.3075,0.2417,0.3938,0.3406,0.3375,0.3057,0.3490,0.2479,0.3479,0.3223,0.3159,0.1664,0.3437,0.3255,0.3907,0.3140,0.2340,0.7723,0.7529,0.7245,1.0000,0.7462,0.8284,0.2730,0.2890,0.2881,0.2266,0.3196,0.3375,0.3648,0.3017,0.2558,0.2751,0.3070,0.3286,0.2509,0.4064,0.1588,0.0692,0.1959,0.1486,0.1647,0.1500,-0.0053,0.0714,0.1664,0.1235,0.0965,0.2049,0.1911,0.1270,0.0958,0.0944,0.0825,0.0261,0.0549,0.1456,0.0658,0.0650,0.1111,0.1028,0.2029,0.0966,0.0608,0.1310,0.1467,0.1492
R055,0.0303,-0.0216,0.1219,0.0281,0.1168,0.0320,0.0641,-0.0074,0.1373,0.0207,0.0716,0.0043,0.0634,0.1165,0.2175,0.1050,0.1304,0.2338,0.1527,0.1330,0.1610,0.1593,0.2573,0.1875,0.1757,0.1098,0.3083,0.1650,0.1949,0.2106,0.2215,0.1239,0.0482,0.1401,0.0290,0.2239,0.1541,0.1750,0.3681,0.4194,0.3758,0.3656,0.3783,0.3428,0.2244,0.3571,0.3797,0.4445,0.3813,0.3307,0.7273,0.7250,0.7153,0.7462,1.0000,0.7294,0.1386,0.2106,0.1732,0.1540,0.2603,0.2362,0.2840,0.1802,0.1245,0.1581,0.1307,0.2301,0.1534,0.2688,0.2731,0.1552,0.2650,0.2356,0.2260,0.2216,0.0691,0.1167,0.1793,0.2529,0.1841,0.2836,0.2317,0.1828,0.2159,0.1298,0.1467,0.0886,0.1483,0.2622,0.1615,0.1541,0.1117,0.1155,0.2893,0.1848,0.1490,0.2044,0.2642,0.2016
R056,0.1018,0.0522,0.2026,0.0712,0.1965,0.1171,0.1109,0.0856,0.2128,0.0769,0.1653,0.1003,0.1282,0.2294,0.3264,0.2093,0.2394,0.3698,0.2550,0.2397,0.2799,0.3021,0.3810,0.2862,0.3681,0.2347,0.4359,0.3248,0.3410,0.3914,0.3350,0.3337,0.2584,0.3018,0.1754,0.3638,0.2865,0.3421,0.1656,0.2321,0.1143,0.2009,0.1884,0.1888,0.0177,0.1692,0.1990,0.2517,0.2097,0.0766,0.7903,0.8547,0.8056,0.8284,0.7294,1.0000,0.2370,0.1882,0.2256,0.1267,0.2537,0.2983,0.2861,0.2633,0.2139,0.2445,0.1792,0.2339,0.2179,0.3558,0.0981,0.0074,0.1510,0.1144,0.0896,0.1083,-0.0359,-0.0112,0.0788,0.0887,-0.0039,0.1923,0.1323,0.0656,0.0800,0.0118,0.0667,-0.0304,0.0273,0.1144,0.0839,0.0129,0.0380,0.0714,0.1951,0.0687,-0.0063,0.0402,0.1122,0.0712
R057,0.1634,0.0890,0.1950,0.1597,0.1972,0.1785,0.3029,0.1461,0.1714,0.2709,0.1714,0.1932,0.1952,0.1734,0.3219,0.2818,0.2265,0.2389,0.2647,0.2318,0.3080,0.3319,0.2192,0.3495,0.2875,0.2921,0.3861,0.3840,0.3587,0.2496,0.2983,0.3282,0.2004,0.3366,0.2988,0.3600,0.3906,0.3855,0.2267,0.2789,0.2190,0.2759,0.2599,0.2208,0.2747,0.2674,0.2060,0.3212,0.2626,0.1268,0.1594,0.2224,0.1736,0.2730,0.1386,0.2370,1.0000,0.7997,0.8368,0.7996,0.7915,0.8153,0.8018,0.8052,0.8189,0.8090,0.8275,0.7707,0.8320,0.8126,-0.0009,-0.1177,0.0180,0.0689,0.0088,0.0564,0.0006,0.0059,0.0176,-0.0711,-0.0627,0.0371,0.0115,0.0015,-0.0558,0.0071,0.0301,-0.0518,0.0228,-0.0678,0.0709,-0.0886,-0.0686,0.0791,0.0480,-0.0378,-0.0297,0.0620,-0.0460,0.0756
R058,0.0367,-0.0105,0.1242,0.0656,0.1328,0.0891,0.1954,0.0576,0.0475,0.1486,0.0804,0.0171,0.0815,0.0720,0.2568,0.2428,0.1647,0.2048,0.1907,0.2116,0.2560,0.2643,0.1687,0.3095,0.2194,0.2359,0.3380,0.2896,0.3064,0.1507,0.2754,0.2269,0.1450,0.2374,0.2258,0.2734,0.2846,0.3065,0.2461,0.2888,0.2478,0.2622,0.3021,0.2244,0.3145,0.2693,0.2294,0.3279,0.2415,0.1684,0.1869,0.1752,0.0951,0.2890,0.2106,0.1882,0.7997,1.0000,0.8463,0.8484,0.8240,0.8045,0.8413,0.8091,0.8127,0.7908,0.8598,0.8111,0.8302,0.8007,0.1330,0.0104,0.1100,0.1426,0.1217,0.1757,0.1360,0.0613,0.1264,0.0496,0.0626,0.1742,0.0832,0.1004,0.0449,0.1268,0.1047,0.0880,0.1129,0.0289,0.1191,0.0535,0.0632,0.1441,0.1464,0.0430,0.1161,0.1783,0.0718,0.2000
R059,0.1126,0.0777,0.1542,0.1660,0.1731,0.1697,0.2565,0.1274,0.1352,0.1804,0.1447,0.1274,0.1589,0.1592,0.2510,0.2067,0.1474,0.1655,0.1764,0.1707,0.2367,0.2427,0.1449,0.2979,0.2118,0.2415,0.3609,0.3327,0.3874,0.2355,0.3079,0.2960,0.1812,0.2836,0.3010,0.3339,0.3189,0.3449,0.1979,0.2166,0.1836,0.2309,0.2456,0.2021,0.2498,0.2403,0.1924,0.2597,0.2222,0.1215,0.1637,0.2001,0.1425,0.2881,0.1732,0.2256,0.8368,0.8463,1.0000,0.8517,0.8438,0.8264,0.8518,0.8400,0.8448,0.8204,0.8565,0.8458,0.8389,0.8181,0.0757,-0.0757,0.0655,0.1192,0.0919,0.1012,0.0499,0.0246,0.0848,-0.0207,0.0149,0.0826,0.0304,0.0685,-0.0273,0.0687,0.0619,0.0119,0.0858,-0.0437,0.0775,-0.0437,0.0102,0.1010,0.1151,-0.0136,0.0666,0.1005,0.0021,0.1306
R060,0.0376,-0.0189,0.0676,0.0501,0.0925,0.0888,0.1677,0.0442,0.0343,0.1228,0.0441,0.0265,0.0693,0.0534,0.2490,0.2325,0.1576,0.1566,0.1739,0.1910,0.2451,0.2621,0.1499,0.3056,0.1986,0.2208,0.3308,0.2718,0.3449,0.1520,0.2494,0.2109,0.1422,0.2543,0.2743,0.2845,0.2828,0.2921,0.2204,0.2717,0.2421,0.2685,0.2780,0.2263,0.2882,0.2448,0.2092,0.3020,0.2195,0.1698,0.1369,0.1323,0.0619,0.2266,0.1540,0.1267,0.7996,0.8484,0.8517,1.0000,0.8082,0.7978,0.8703,0.8320,0.8027,0.7498,0.8480,0.8390,0.8414,0.7634,0.0910,-0.0235,0.0715,0.1467,0.1318,0.1430,0.0890,0.0381,0.1101,-0.0096,0.0505,0.1077,0.0920,0.0688,0.0022,0.0775,0.0799,0.0435,0.0974,0.0159,0.0892,-0.0019,0.0345,0.1215,0.1309,0.0058,0.0878,0.1143,0.0452,0.1727
R061,0.1449,0.1043,0.1556,0.1720,0.2024,0.1809,0.2533,0.1640,0.1460,0.1938,0.1645,0.1440,0.1716,0.1649,0.2264,0.1747,0.1191,0.1550,0.1330,0.1478,0.2320,0.2445,0.1197,0.2526,0.2043,0.1642,0.3911,0.3788,0.4115,0.2323,0.3094,0.3419,0.2312,0.3153,0.3096,0.3418,0.3698,0.3712,0.1774,0.1891,0.1660,0.2516,0.2551,0.1884,0.2574,0.2153,0.1648,0.2716,0.1951,0.1276,0.2197,0.2523,0.2114,0.3196,0.2603,0.2537,0.7915,0.8240,0.8438,0.8082,1.0000,0.7956,0.8187,0.8134,0.7798,0.7807,0.8118,0.8130,0.8024,0.8119,0.0593,-0.0982,0.0220,0.0922,0.0601,0.0941,0.0138,-0.0037,0.0568,-0.0481,-0.0210,0.0806,0.0384,0.0389,-0.0439,0.0477,0.0351,0.0005,0.0519,-0.0287,0.0408,-0.0759,-0.0004,0.0861,0.1017,0.0027,0.0344,0.1091,-0.0264,0.1544
R062,0.1720,0.1348,0.2388,0.1600,0.2622,0.1965,0.3229,0.2062,0.1947,0.2364,0.1993,0.1814,0.1793,0.2440,0.3533,0.3292,0.2604,0.3017,0.2668,0.2768,0.3439,0.3560,0.2594,0.3961,0.3426,0.3354,0.4161,0.4033,0.4437,0.3053,0.3760,0.3416,0.2263,0.3899,0.3317,0.3924,0.3983,0.4157,0.2469,0.2752,0.2434,0.2563,0.2579,0.2102,0.2991,0.2123,0.2429,0.3048,0.2482,0.1300,0.2406,0.2929,0.2245,0.3375,0.2362,0.2983,0.8153,0.8045,0.8264,0.7978,0.7956,1.0000,0.8393,0.8232,0.7848,0.8173,0.8087,0.7965,0.8250,0.7909,0.1855,0.0338,0.1953,0.2770,0.1917,0.2291,0.1475,0.1486,0.1652,0.0914,0.0952,0.2168,0.1247,0.1459,0.1008,0.1774,0.1885,0.1242,0.2034,0.0888,0.1795,0.0673,0.1137,0.2395,0.2313,0.1137,0.1649,0.2179,0.1139,0.2486
R063,-0.0134,-0.0696,0.0619,0.0092,0.0683,0.0523,0.1497,-0.0079,0.0466,0.0793,0.0157,-0.0126,0.0263,0.0672,0.2624,0.2300,0.1915,0.2035,0.1801,0.2180,0.2612,0.2743,0.1805,0.3207,0.2354,0.2348,0.3265,0.2734,0.3537,0.1826,0.2928,0.2440,0.1114,0.2324,0.2303,0.2880,0.3017,0.3212,0.2535,0.2902,0.2476,0.2756,0.3143,0.2276,0.2970,0.2553,0.2402,0.3403,0.2532,0.1694,0.2600,0.2665,0.1808,0.3648,0.2840,0.2861,0.8018,0.8413,0.8518,0.8703,0.8187,0.8393,1.0000,0.8271,0.8147,0.8092,0.8556,0.8442,0.8518,0.7961,0.1046,-0.0172,0.0934,0.1683,0.1284,0.1599,0.0782,0.0486,0.1199,0.0505,0.0566,0.1331,0.0969,0.0770,0.0186,0.0914,0.0810,0.0205,0.0964,0.0225,0.0754,0.0310,0.0592,0.1551,0.1235,0.0395,0.0929,0.1252,0.0635,0.1813
R064,0.1652,0.1040,0.2230,0.1658,0.2167,0.2046,0.3043,0.1798,0.1784,0.2539,0.1764,0.1370,0.1863,0.2022,0.3260,0.3143,0.2453,0.2818,0.2646,0.2590,0.3500,0.3475,0.2515,0.3752,0.3259,0.3090,0.3862,0.3563,0.4214,0.2831,0.3406,0.3317,0.2333,0.3433,0.3235,0.3455,0.3708,0.4224,0.1116,0.1873,0.0812,0.1693,0.1730,0.1432,0.1713,0.1232,0.1039,0.2029,0.1367,0.0381,0.2598,0.2904,0.2081,0.3017,0.1802,0.2633,0.8052,0.8091,0.8400,0.8320,0.8134,0.8232,0.8271,1.0000,0.8307,0.8150,0.8356,0.8246,0.8197,0.7893,0.0389,-0.0912,0.0102,0.1186,0.0649,0.0833,0.0406,0.0053,0.0524,-0.0471,-0.0478,0.1029,0.0485,0.0245,-0.0500,0.0265,0.0271,-0.0085,0.0463,-0.0490,0.0351,-0.0493,0.0002,0.1191,0.1107,-0.0074,0.0357,0.0712,-0.0274,0.1315
R065,0.1189,0.0609,0.2039,0.1181,0.1831,0.1563,0.2614,0.1128,0.1620,0.1860,0.1491,0.1472,0.1761,0.1446,0.2880,0.2642,0.2135,0.2259,0.2345,0.2157,0.3081,0.3173,0.1886,0.3393,0.2760,0.2800,0.3606,0.3486,0.3628,0.2763,0.3131,0.3144,0.2173,0.3179,0.3200,0.3275,0.3493,0.3821,0.0843,0.1299,0.0729,0.1462,0.1397,0.1134,0.1464,0.1427,0.1135,0.1918,0.1306,0.0101,0.1619,0.2395,0.1408,0.2558,0.1245,0.2139,0.8189,0.8127,0.8448,0.8027,0.7798,0.7848,0.8147,0.8307,1.0000,0.8032,0.8076,0.8082,0.8347,0.7713,-0.0441,-0.1659,-0.0497,0.0080,-0.0405,0.0208,-0.0337,-0.0604,-0.0151,-0.1195,-0.1314,0.0296,-0.0175,-0.0538,-0.1013,-0.0356,-0.0479,-0.1019,-0.0219,-0.1453,-0.0456,-0.1350,-0.0992,0.0303,0.0210,-0.0913,-0.0322,-0.0034,-0.0827,0.0477
R066,0.1247,0.0839,0.2054,0.1171,0.2015,0.1695,0.2517,0.1293,0.1529,0.1881,0.1643,0.1528,0.1830,0.1648,0.3572,0.3540,0.2963,0.3134,0.3072,0.3069,0.3802,0.3831,0.2766,0.4143,0.3733,0.3885,0.3429,0.3849,0.3781,0.2696,0.2930,0.3321,0.2108,0.3615,0.2528,0.3226,0.3582,0.4087,0.1541,0.2008,0.1382,0.1760,0.1810,0.1540,0.2072,0.1632,0.1224,0.2329,0.1533,0.0413,0.1852,0.2597,0.2047,0.2751,0.1581,0.2445,0.8090,0.7908,0.8204,0.7498,0.7807,0.8173,0.8092,0.8150,0.8032,1.0000,0.8067,0.7639,0.8171,0.7862,0.1280,-0.0266,0.1011,0.1806,0.1175,0.1953,0.1195,0.0833,0.0818,0.0183,0.0166,0.1747,0.0970,0.0993,0.0470,0.0948,0.1190,0.0672,0.1209,0.0287,0.1436,0.0212,0.0602,0.1942,0.1707,0.0657,0.1073,0.1444,0.0665,0.1846
R067,0.0302,-0.0131,0.0823,0.0674,0.1190,0.0909,0.1884,0.0655,0.0476,0.1115,0.0488,0.0423,0.0573,0.0761,0.1667,0.1442,0.0903,0.1047,0.0905,0.1166,0.1684,0.1776,0.0700,0.1979,0.1436,0.1467,0.3914,0.3566,0.3835,0.2434,0.3437,0.3046,0.2098,0.3118,0.3135,0.3433,0.3834,0.3599,0.2237,0.2532,0.1930,0.2420,0.2608,0.2060,0.2956,0.2290,0.2059,0.2773,0.2028,0.1384,0.1372,0.1392,0.0756,0.3070,0.1307,0.1792,0.8275,0.8598,0.8565,0.8480,0.8118,0.8087,0.8556,0.8356,0.8076,0.8067,1.0000,0.8436,0.8318,0.7805,0.0491,-0.0755,0.0401,0.1143,0.0960,0.1193,0.0629,0.0341,0.1254,-0.0081,0.0074,0.0966,0.0398,0.0444,-0.0460,0.0696,0.0742,0.0354,0.0797,-0.0373,0.0518,-0.0246,0.0191,0.1289,0.0988,0.0378,0.0587,0.0953,-0.0010,0.1684
R068,0.0452,-0.0260,0.0734,0.0698,0.1053,0.0782,0.1903,0.0528,0.0520,0.0917,0.0690,0.0390,0.0641,0.0842,0.1673,0.1111,0.0513,0.0860,0.0773,0.0980,0.1613,0.1968,0.0665,0.2127,0.1455,0.1511,0.4108,0.3510,0.4651,0.2776,0.3558,0.3157,0.2188,0.3152,0.3688,0.3425,0.4170,0.3929,0.2349,0.2892,0.2288,0.2820,0.2880,0.2604,0.3035,0.2487,0.2145,0.3524,0.2404,0.1909,0.2066,0.2183,0.1727,0.3286,0.2301,0.2339,0.7707,0.8111,0.8458,0.8390,0.8130,0.7965,0.8442,0.8246,0.8082,0.7639,0.8436,1.0000,0.8305,0.7966,0.1081,-0.0121,0.0958,0.1469,0.1351,0.1525,0.0714,0.0722,0.1593,0.0537,0.0364,0.1472,0.0783,0.0714,-0.0003,0.1016,0.1041,0.0612,0.1008,0.0085,0.1065,0.0309,0.0581,0.1468,0.1476,0.0910,0.1062,0.1610,0.0607,0.2164
R069,0.0461,-0.0003,0.1212,0.0889,0.1141,0.1332,0.2120,0.0619,0.0841,0.1373,0.0817,0.1022,0.0842,0.0831,0.2484,0.2512,0.1722,0.2108,0.2060,0.2055,0.2967,0.3014,0.1911,0.3188,0.2463,0.2932,0.3816,0.3460,0.3855,0.2419,0.3324,0.2771,0.2106,0.3239,0.3024,0.3435,0.3632,0.3816,0.3042,0.3382,0.2727,0.3227,0.3197,0.2818,0.3420,0.2964,0.2519,0.3551,0.2997,0.1979,0.1769,0.2182,0.1215,0.2509,0.1534,0.2179,0.8320,0.8302,0.8389,0.8414,0.8024,0.8250,0.8518,0.8197,0.8347,0.8171,0.8318,0.8305,1.0000,0.7502,0.0990,-0.0082,0.0893,0.1425,0.1191,0.1558,0.0902,0.0673,0.0655,0.0366,0.0573,0.1303,0.0785,0.0724,0.0305,0.0889,0.0854,0.0459,0.0850,0.0024,0.1199,0.0033,0.0570,0.1310,0.1344,0.0751,0.0705,0.1343,0.0597,0.1601
R070,0.2109,0.1546,0.2542,0.1868,0.2910,0.2088,0.3364,0.1811,0.2422,0.2786,0.2322,0.1946,0.2627,0.2200,0.3828,0.3262,0.2682,0.3157,0.3034,0.2883,0.3652,0.3936,0.2990,0.4192,0.3682,0.3442,0.3850,0.3731,0.3937,0.2633,0.3118,0.3014,0.1823,0.2907,0.2926,0.3247,0.3529,0.3751,0.2018,0.2453,0.1968,0.2354,0.2144,0.1992,0.2414,0.2139,0.2184,0.2777,0.2106,0.1079,0.2659,0.3427,0.2949,0.4064,0.2688,0.3558,0.8126,0.8007,0.8181,0.7634,0.8119,0.7909,0.7961,0.7893,0.7713,0.7862,0.7805,0.7966,0.7502,1.0000,0.1208,-0.0145,0.1235,0.1842,0.1384,0.1739,0.0872,0.1141,0.1250,0.0549,0.0036,0.1568,0.1058,0.0999,0.0590,0.0889,0.0893,0.0540,0.1156,0.0651,0.1510,0.0461,0.0410,0.1629,0.1552,0.0429,0.1347,0.1464,0.0699,0.2123
R071,0.1782,0.2437,0.2359,0.1832,0.2204,0.1859,0.1436,0.2004,0.1722,0.1271,0.1818,0.1309,0.1196,0.1908,0.1284,0.1416,0.0750,0.1469,0.1448,0.1562,0.0879,0.0835,0.1579,0.2115,0.1230,0.2146,0.1470,0.1477,0.1028,0.0572,0.1399,-0.0376,0.0653,0.1771,-0.0251,0.1065,0.0075,0.0544,0.3001,0.3283,0.2816,0.1566,0.0990,0.1629,0.2928,0.0846,0.1867,0.2053,0.1876,0.1672,0.1529,0.0978,0.1836,0.1588,0.2731,0.0981,-0.0009,0.1330,0.0757,0.0910,0.0593,0.1855,0.1046,0.0389,-0.0441,0.1280,0.0491,0.1081,0.0990,0.1208,1.0000,0.8503,0.8468,0.8410,0.8836,0.8562,0.8626,0.8522,0.8105,0.8295,0.8456,0.8383,0.8081,0.8488,0.8893,0.8155,0.8717,0.8652,0.8551,0.8844,0.8025,0.8565,0.8561,0.8084,0.8824,0.8507,0.8698,0.8865,0.8669,0.8331
R072,0.0166,0.1015,0.0670,0.0755,0.0454,0.0228,-0.0117,0.0825,0.0249,-0.0151,0.0360,0.0015,-0.0510,0.0629,-0.0136,0.0173,-0.0507,0.0351,0.0236,0.0474,-0.0521,-0.0477,0.0513,0.0978,0.0033,0.0854,0.1323,0.1030,0.0560,0.0154,0.1279,-0.0381,0.0939,0.1157,-0.0393,0.0870,-0.0097,0.0354,0.2863,0.3107,0.2930,0.1367,0.1166,0.1607,0.2702,0.1094,0.1635,0.1948,0.1767,0.2194,0.0504,-0.0386,0.0587,0.0692,0.1552,0.0074,-0.1177,0.0104,-0.0757,-0.0235,-0.0982,0.0338,-0.0172,-0.0912,-0.1659,-0.0266,-0.0755,-0.0121,-0.0082,-0.0145,0.8503,1.0000,0.8186,0.8100,0.8483,0.8374,0.8491,0.7949,0.7898,0.7989,0.8513,0.7693,0.7560,0.8406,0.8561,0.8479,0.8493,0.8495,0.8460,0.8608,0.7598,0.8337,0.8495,0.8056,0.8164,0.8448,0.8634,0.8359,0.8600,0.8029
R073,0.1571,0.2106,0.2228,0.1840,0.2081,0.1445,0.0913,0.1923,0.1716,0.1460,0.1945,0.1091,0.1073,0.1976,0.1420,0.1707,0.1072,0.1768,0.1485,0.1669,0.0804,0.0760,0.1990,0.2455,0.1393,0.2421,0.2430,0.2292,0.1950,0.1230,0.2277,0.0989,0.1865,0.2554,0.0608,0.2039,0.1222,0.1162,0.3214,0.3278,0.3528,0.1976,0.1491,0.1863,0.3057,0.1365,0.1990,0.2259,0.1691,0.2377,0.1672,0.1271,0.2072,0.1959,0.2650,0.1510,0.0180,0.1100,0.0655,0.0715,0.0220,0.1953,0.0934,0.0102,-0.0497,0.1011,0.0401,0.0958,0.0893,0.1235,0.8468,0.8186,1.0000,0.7981,0.8360,0.8157,0.8077,0.7940,0.7580,0.7944,0.8119,0.7745,0.7667,0.8025,0.8156,0.7972,0.8228,0.8196,0.8146,0.8435,0.7553,0.8070,0.8048,0.7555,0.8024,0.7882,0.8178,0.8189,0.8423,0.7952
R074,0.1798,0.2139,0.2485,0.1954,0.2368,0.1493,0.1573,0.2516,0.1930,0.1492,0.1917,0.1499,0.1323,0.2064,0.2145,0.2288,0.1654,0.2417,0.2340,0.2544,0.1857,0.1882,0.2463,0.3091,0.2427,0.3024,0.2922,0.2280,0.1864,0.1592,0.2496,0.0881,0.2111,0.2616,0.0932,0.2110,0.1275,0.1625,0.2352,0.2568,0.2234,0.0956,0.0474,0.1017,0.2124,0.0518,0.1312,0.1586,0.0937,0.0992,0.1037,0.1080,0.2016,0.1486,0.2356,0.1144,0.0689,0.1426,0.1192,0.1467,0.0922,0.2770,0.1683,0.1186,0.0080,0.1806,0.1143,0.1469,0.1425,0.1842,0.8410,0.8100,0.7981,1.0000,0.8164,0.8544,0.8270,0.7861,0.8058,0.7801,0.7854,0.7852,0.7890,0.7856,0.8350,0.7812,0.8241,0.8175,0.8242,0.8338,0.7817,0.8106,0.8146,0.8139,0.8232,0.8085,0.8116,0.8362,0.8133,0.8158
R075,0.0941,0.1652,0.1549,0.1016,0.1346,0.1211,0.0730,0.1453,0.0978,0.0583,0.1077,0.0375,0.0324,0.1035,0.0569,0.0926,0.0425,0.1080,0.1172,0.1053,0.0463,0.0379,0.1065,0.1695,0.0716,0.1592,0.1805,0.1537,0.1224,0.0671,0.1760,0.0199,0.0601,0.1949,-0.0173,0.1246,0.0331,0.0370,0.2388,0.2576,0.2578,0.0996,0.0453,0.1104,0.2415,0.0428,0.1111,0.1464,0.1099,0.1266,0.1112,0.0635,0.1723,0.1647,0.2260,0.0896,0.0088,0.1217,0.0919,0.1318,0.0601,0.1917,0.1284,0.0649,-0.0405,0.1175,0.0960,0.1351,0.1191,0.1384,0.8836,0.8483,0.8360,0.8164,1.0000,0.8399,0.8391,0.8261,0.8375,0.8043,0.8300,0.7912,0.7917,0.8457,0.8514,0.8003,0.8598,0.8595,0.8639,0.8668,0.7767,0.8454,0.8439,0.8168,0.8713,0.8271,0.8798,0.8400,0.8417,0.8600
R076,0.1057,0.1611,0.1931,0.1033,0.1757,0.1070,0.0864,0.1616,0.1249,0.0805,0.1493,0.0669,0.0620,0.1266,0.1824,0.1973,0.1424,0.1809,0.2066,0.2272,0.1398,0.1812,0.2103,0.2928,0.1820,0.2962,0.2451,0.2264,0.1857,0.1338,0.2562,0.0680,0.1869,0.2336,0.0572,0.2102,0.1153,0.1612,0.2569,0.2921,0.2642,0.1164,0.0807,0.1298,0.2453,0.0660,0.1549,0.1945,0.1155,0.1635,0.1008,0.0902,0.1605,0.1500,0.2216,0.1083,0.0564,0.1757,0.1012,0.1430,0.0941,0.2291,0.1599,0.0833,0.0208,0.1953,0.1193,0.1525,0.1558,0.1739,0.8562,0.8374,0.8157,0.8544,0.8399,1.0000,0.8474,0.7863,0.8045,0.7611,0.7936,0.8125,0.7847,0.8347,0.8434,0.8097,0.8534,0.8438,0.8487,0.8559,0.8064,0.8307,0.8266,0.8458,0.8477,0.8188,0.8578,0.8093,0.8440,0.8254
R077,0.0437,0.1414,0.1237,0.0853,0.1152,0.0737,0.0210,0.1160,0.0547,0.0563,0.0908,0.0318,0.0080,0.0676,0.1162,0.1625,0.0872,0.1522,0.1727,0.1897,0.0983,0.1038,0.1745,0.2340,0.1351,0.2338,0.0740,0.1094,0.0228,-0.0196,0.0838,-0.0477,0.0798,0.1241,-0.0756,0.0349,-0.0285,-0.0029,0.1880,0.1965,0.1779,0.0229,-0.0160,0.0330,0.1903,-0.0445,0.0461,0.0804,0.0418,0.0551,-0.0059,-0.0564,0.0449,-0.0053,0.0691,-0.0359,0.0006,0.1360,0.0499,0.0890,0.0138,0.1475,0.0782,0.0406,-0.0337,0.1195,0.0629,0.0714,0.0902,0.0872,0.8626,0.8491,0.8077,0.8270,0.8391,0.8474,1.0000,0.8415,0.7932,0.8015,0.8218,0.7879,0.7770,0.8175,0.8711,0.7937,0.8525,0.8452,0.8489,0.8604,0.7932,0.8440,0.8657,0.8254,0.8206,0.8376,0.8669,0.8405,0.8468,0.8319
R078,0.2554,0.2879,0.2781,0.2545,0.2771,0.2502,0.2142,0.2915,0.2485,0.2237,0.2612,0.2102,0.1737,0.2315,0.1221,0.1267,0.0758,0.1159,0.1596,0.1374,0.0749,0.0851,0.1395,0.1915,0.0947,0.1998,0.0956,0.1514,0.0879,0.0720,0.1139,-0.0252,0.0801,0.1997,-0.0190,0.0842,-0.0035,0.0276,0.2236,0.2274,0.2108,0.0797,0.0126,0.0848,0.2377,0.0021,0.1247,0.1172,0.0970,0.1161,0.0398,0.0010,0.1108,0.0714,0.1167,-0.0112,0.0059,0.0613,0.0246,0.0381,-0.0037,0.1486,0.0486,0.0053,-0.0604,0.0833,0.0341,0.0722,0.0673,0.1141,0.8522,0.7949,0.7940,0.7861,0.8261,0.7863,0.8415,1.0000,0.7636,0.8270,0.8106,0.7546,0.7818,0.7897,0.8484,0.7898,0.8401,0.8086,0.8369,0.8125,0.8016,0.8245,0.7913,0.7667,0.8138,0.7945,0.8261,0.8260,0.8151,0.8059
R079,0.1116,0.1801,0.1434,0.1029,0.1380,0.0928,0.0902,0.1834,0.1013,0.0644,0.0973,0.0534,0.0344,0.1295,-0.0422,-0.0144,-0.0782,0.0042,0.0069,0.0111,-0.0656,-0.0284,0.0208,0.0394,-0.0153,0.0533,0.3066,0.2433,0.2451,0.1864,0.3043,0.1219,0.2290,0.2751,0.1345,0.2445,0.1648,0.1623,0.1674,0.2005,0.1560,0.0472,-0.0013,0.0664,0.2008,0.0026,0.0447,0.0948,0.0500,0.0619,0.0599,0.0503,0.0989,0.1664,0.1793,0.0788,0.0176,0.1264,0.0848,0.1101,0.0568,0.1652,0.1199,0.0524,-0.0151,0.0818,0.1254,0.1593,0.0655,0.1250,0.8105,0.7898,0.7580,0.8058,0.8375,0.8045,0.7932,0.7636,1.0000,0.7416,0.8072,0.7510,0.7685,0.8072,0.7713,0.7837,0.8197,0.8098,0.8043,0.8203,0.6984,0.7854,0.8096,0.7940,0.8134,0.8151,0.8082,0.8340,0.7681,0.8384
R080,0.1107,0.1498,0.1734,0.1231,0.1758,0.1479,0.0965,0.1359,0.1192,0.0952,0.1367,0.1071,0.0572,0.1081,0.1209,0.1555,0.0970,0.1722,0.1740,0.1647,0.1137,0.0855,0.1966,0.1921,0.1270,0.2164,0.1177,0.0964,0.0234,-0.0151,0.1139,-0.0834,0.0266,0.1047,-0.0886,0.0484,-0.0471,-0.0246,0.2532,0.2844,0.2387,0.1048,0.0929,0.1464,0.2466,0.0608,0.2002,0.1743,0.1469,0.2093,0.1532,0.1017,0.1850,0.1235,0.2529,0.0887,-0.0711,0.0496,-0.0207,-0.0096,-0.0481,0.0914,0.0505,-0.0471,-0.1195,0.0183,-0.0081,0.0537,0.0366,0.0549,0.8295,0.7989,0.7944,0.7801,0.8043,0.7611,0.8015,0.8270,0.7416,1.0000,0.7874,0.7839,0.7524,0.7777,0.8131,0.7393,0.8071,0.7888,0.7959,0.8026,0.7738,0.8483,0.7400,0.7310,0.7776,0.7862,0.7939,0.7948,0.8113,0.7562
R081,0.0234,0.0789,0.0408,0.1073,0.0329,0.0358,-0.0034,0.0874,0.0331,0.0142,0.0382,0.0222,-0.0590,0.0566,-0.0518,-0.0437,-0.0832,-0.0381,-0.0286,-0.0108,-0.1121,-0.0980,-0.0120,0.0549,-0.0773,0.0440,0.1777,0.1145,0.1101,0.0402,0.1931,-0.0303,0.0988,0.1670,0.0080,0.1220,0.0402,0.0371,0.3583,0.3594,0.3492,0.2259,0.1913,0.2130,0.3538,0.1642,0.2022,0.2346,0.2360,0.2426,0.0590,-0.0429,0.0522,0.0965,0.1841,-0.0039,-0.0627,0.0626,0.0149,0.0505,-0.0210,0.0952,0.0566,-0.0478,-0.1314,0.0166,0.0074,0.0364,0.0573,0.0036,0.8456,0.8513,0.8119,0.7854,0.8300,0.7936,0.8218,0.8106,0.8072,0.7874,1.0000,0.7571,0.7622,0.7996,0.8199,0.7893,0.8047,0.8496,0.8134,0.8435,0.7426,0.8265,0.8259,0.7806,0.8070,0.8128,0.8130,0.8591,0.8212,0.7999
R082,0.1222,0.1822,0.1981,0.0704,0.1799,0.1200,0.1067,0.1306,0.0903,0.0968,0.1259,0.0425,0.0617,0.1286,0.1893,0.2162,0.1452,0.2578,0.2387,0.2283,0.1562,0.1459,0.2560,0.2887,0.2176,0.2748,0.2440,0.2201,0.1624,0.1336,0.2276,0.0775,0.1688,0.2342,0.0429,0.1869,0.1111,0.1523,0.2241,0.2576,0.2293,0.0931,0.0650,0.1014,0.2054,0.0183,0.1089,0.1830,0.1075,0.1109,0.2115,0.1945,0.2560,0.2049,0.2836,0.1923,0.0371,0.1742,0.0826,0.1077,0.0806,0.2168,0.1331,0.1029,0.0296,0.1747,0.0966,0.1472,0.1303,0.1568,0.8383,0.7693,0.7745,0.7852,0.7912,0.8125,0.7879,0.7546,0.7510,0.7839,0.7571,1.0000,0.7354,0.7891,0.8091,0.7368,0.7937,0.7685,0.7544,0.7935,0.7673,0.7695,0.7941,0.7810,0.8169,0.7830,0.7834,0.7929,0.8046,0.7597
R083,0.2311,0.2650,0.2932,0.2316,0.2566,0.2392,0.2129,0.2744,0.2487,0.2105,0.2357,0.1869,0.1819,0.2267,0.1705,0.2043,0.1306,0.1862,0.2016,0.2146,0.1426,0.1552,0.2196,0.2372,0.1873,0.2536,0.1993,0.1748,0.1017,0.1056,0.1947,0.0255,0.1377,0.2244,0.0419,0.1477,0.0273,0.0720,0.1798,0.2017,0.1535,0.0230,-0.0241,0.0399,0.1113,-0.0432,0.0596,0.0810,0.0526,0.0272,0.1594,0.1605,0.2456,0.1911,0.2317,0.1323,0.0115,0.0832,0.0304,0.0920,0.0384,0.1247,0.0969,0.0485,-0.0175,0.0970,0.0398,0.0783,0.0785,0.1058,0.8081,0.7560,0.7667,0.7890,0.7917,0.7847,0.7770,0.7818,0.7685,0.7524,0.7622,0.7354,1.0000,0.7774,0.8127,0.7364,0.7834,0.7574,0.7696,0.8163,0.7359,0.7592,0.7663,0.7473,0.7916,0.7720,0.7852,0.7682,0.7966,0.8041
R084,0.1591,0.2497,0.1907,0.1634,0.1659,0.1310,0.1227,0.1983,0.1383,0.0993,0.1771,0.0887,0.0919,0.1486,0.0104,0.0482,-0.0199,0.0473,0.0738,0.0645,-0.0177,0.0074,0.0792,0.1173,0.0329,0.1383,0.1974,0.2156,0.1875,0.1164,0.2264,0.0722,0.1628,0.2439,0.0661,0.2223,0.0480,0.1047,0.2193,0.2383,0.1984,0.0870,0.0358,0.0902,0.2237,0.0448,0.0865,0.1308,0.1179,0.1493,0.0864,0.0399,0.1045,0.1270,0.1828,0.0656,0.0015,0.1004,0.0685,0.0688,0.0389,0.1459,0.0770,0.0245,-0.0538,0.0993,0.0444,0.0714,0.0724,0.0999,0.8488,0.8406,0.8025,0.7856,0.8457,0.8347,0.8175,0.7897,0.8072,0.7777,0.7996,0.7891,0.7774,1.0000,0.8164,0.8097,0.8296,0.8276,0.8249,0.8387,0.7621,0.8096,0.8099,0.7881,0.8322,0.7908,0.8573,0.8256,0.7941,0.8214
R085,0.1883,0.2613,0.2431,0.1869,0.2299,0.1822,0.1572,0.2032,0.2146,0.1632,0.2050,0.1543,0.1415,0.1993,0.2174,0.2376,0.1790,0.2433,0.2548,0.2584,0.1842,0.1681,0.2676,0.3175,0.2107,0.3145,0.1151,0.1470,0.0358,0.0366,0.1088,-0.0438,0.0636,0.1753,-0.0822,0.0877,-0.0357,0.0359,0.2437,0.2709,0.2231,0.0708,-0.0019,0.0955,0.1983,0.0254,0.1282,0.1365,0.1227,0.0944,0.1102,0.1073,0.1801,0.0958,0.2159,0.0800,-0.0558,0.0449,-0.0273,0.0022,-0.0439,0.1008,0.0186,-0.0500,-0.1013,0.0470,-0.0460,-0.0003,0.0305,0.0590,0.8893,0.8561,0.8156,0.8350,0.8514,0.8434,0.8711,0.8484,0.7713,0.8131,0.8199,0.8091,0.8127,0.8164,1.0000,0.8024,0.8437,0.8381,0.8589,0.8648,0.8438,0.8556,0.8296,0.8294,0.8560,0.8224,0.8540,0.8406,0.8684,0.8247
R086,0.1679,0.2153,0.1778,0.2196,0.1741,0.1965,0.1210,0.1853,0.1517,0.1471,0.1528,0.1075,0.0667,0.1687,0.0221,0.0282,-0.0234,0.0333,0.0458,0.0639,-0.0296,-0.0024,0.0575,0.1084,0.0157,0.1162,0.2017,0.1769,0.1525,0.1205,0.1924,0.0633,0.1656,0.2299,0.0599,0.1641,0.0884,0.1413,0.3146,0.3024,0.2985,0.1961,0.1549,0.1822,0.3356,0.1301,0.1978,0.1926,0.1925,0.2135,0.0285,-0.0235,0.0549,0.0944,0.1298,0.0118,0.0071,0.1268,0.0687,0.0775,0.0477,0.1774,0.0914,0.0265,-0.0356,0.0948,0.0696,0.1016,0.0889,0.0889,0.8155,0.8479,0.7972,0.7812,0.8003,0.8097,0.7937,0.7898,0.7837,0.7393,0.7893,0.7368,0.7364,0.8097,0.8024,1.0000,0.7964,0.8099,0.7989,0.7858,0.7260,0.7808,0.7994,0.7617,0.8040,0.8022,0.8229,0.8350,0.7914,0.7918
R087,0.1616,0.2398,0.2363,0.1950,0.2402,0.2030,0.1448,0.2526,0.1642,0.1597,0.1980,0.1318,0.1176,0.1874,0.1036,0.1156,0.0623,0.1292,0.1468,0.1357,0.0591,0.0548,0.1281,0.1930,0.1018,0.1983,0.1666,0.1691,0.1020,0.0535,0.1693,-0.0237,0.1030,0.2011,-0.0050,0.1179,0.0125,0.0435,0.1923,0.2128,0.1968,0.0569,-0.0017,0.0656,0.1857,-0.0155,0.0806,0.1046,0.0653,0.0911,0.0973,0.0317,0.1272,0.0825,0.1467,0.0667,0.0301,0.1047,0.0619,0.0799,0.0351,0.1885,0.0810,0.0271,-0.0479,0.1190,0.0742,0.1041,0.0854,0.0893,0.8717,0.8493,0.8228,0.8241,0.8598,0.8534,0.8525,0.8401,0.8197,0.8071,0.8047,0.7937,0.7834,0.8296,0.8437,0.7964,1.0000,0.8478,0.8488,0.8577,0.7895,0.8505,0.8164,0.8562,0.8607,0.8340,0.8456,0.8439,0.8261,0.8449
R088,0.1484,0.2088,0.1627,0.1370,0.1560,0.1317,0.0696,0.1785,0.0977,0.0979,0.1425,0.0737,0.0527,0.1411,-0.0196,0.0219,-0.0671,0.0041,0.0133,0.0117,-0.0654,-0.0488,0.0166,0.0799,-0.0060,0.1062,0.1734,0.1414,0.1509,0.0859,0.1817,0.0196,0.1381,0.2220,0.0329,0.1283,0.0720,0.0577,0.2237,0.2211,0.2109,0.0790,0.0244,0.0871,0.2554,0.0134,0.0836,0.1216,0.0877,0.1343,-0.0393,-0.0755,0.0329,0.0261,0.0886,-0.0304,-0.0518,0.0880,0.0119,0.0435,0.0005,0.1242,0.0205,-0.0085,-0.1019,0.0672,0.0354,0.0612,0.0459,0.0540,0.8652,0.8495,0.8196,0.8175,0.8595,0.8438,0.8452,0.8086,0.8098,0.7888,0.8496,0.7685,0.7574,0.8276,0.8381,0.8099,0.8478,1.0000,0.8644,0.8495,0.7916,0.8646,0.8646,0.8152,0.8235,0.8433,0.8483,0.8633,0.8074,0.8387
R089,0.1653,0.2481,0.2266,0.1665,0.1842,0.1654,0.1292,0.2181,0.1504,0.1339,0.1904,0.1403,0.1066,0.1746,0.0710,0.1175,0.0496,0.0993,0.1236,0.1322,0.0555,0.0476,0.1080,0.1904,0.0819,0.1846,0.1365,0.1385,0.0944,0.0583,0.1532,-0.0046,0.1069,0.1856,-0.0220,0.0855,-0.0089,0.0401,0.1766,0.1974,0.1646,0.0322,-0.0047,0.0521,0.1861,-0.0275,0.0881,0.0840,0.0590,0.1117,0.0175,-0.0032,0.1061,0.0549,0.1483,0.0273,0.0228,0.1129,0.0858,0.0974,0.0519,0.2034,0.0964,0.0463,-0.0219,0.1209,0.0797,0.1008,0.0850,0.1156,0.8551,0.8460,0.8146,0.8242,0.8639,0.8487,0.8489,0.8369,0.8043,0.7959,0.8134,0.7544,0.7696,0.8249,0.8589,0.7989,0.8488,0.8644,1.0000,0.8446,0.8002,0.8464,0.8112,0.8589,0.8345,0.8295,0.8860,0.8484,0.8214,0.8136
R090,0.1090,0.1762,0.1755,0.1038,0.1544,0.0952,0.0694,0.1454,0.1149,0.1044,0.1283,0.0767,0.0484,0.1567,0.1149,0.1359,0.0733,0.1566,0.1527,0.1433,0.0793,0.0844,0.1886,0.2207,0.1200,0.1972,0.1601,0.1499,0.0917,0.0295,0.1540,-0.0139,0.1033,0.1661,-0.0488,0.1147,0.0256,0.0348,0.2220,0.2584,0.2419,0.0673,0.0069,0.0805,0.1967,0.0070,0.0853,0.1218,0.0762,0.1086,0.1464,0.0925,0.2048,0.1456,0.2622,0.1144,-0.0678,0.0289,-0.0437,0.0159,-0.0287,0.0888,0.0225,-0.0490,-0.1453,0.0287,-0.0373,0.0085,0.0024,0.0651,0.8844,0.8608,0.8435,0.8338,0.8668,0.8559,0.8604,0.8125,0.8203,0.8026,0.8435,0.7935,0.8163,0.8387,0.8648,0.7858,0.8577,0.8495,0.8446,1.0000,0.7875,0.8445,0.8252,0.8341,0.8459,0.8305,0.8693,0.8325,0.8528,0.8394
R091,0.1517,0.2423,0.2092,0.1644,0.2188,0.1600,0.1278,0.1598,0.1640,0.1453,0.1882,0.1192,0.0884,0.1378,0.2101,0.2128,0.1484,0.2041,0.2506,0.2451,0.1712,0.1600,0.2345,0.3083,0.2096,0.2969,0.1239,0.1685,0.0615,0.0497,0.1141,-0.0174,0.0573,0.1601,-0.0282,0.0819,0.0055,0.0234,0.2264,0.2715,0.2070,0.0758,0.0256,0.1022,0.2199,0.0233,0.1105,0.1306,0.1047,0.0902,0.0717,0.0641,0.1764,0.0658,0.1615,0.0839,0.0709,0.1191,0.0775,0.0892,0.0408,0.1795,0.0754,0.0351,-0.0456,0.1436,0.0518,0.1065,0.1199,0.1510,0.8025,0.7598,0.7553,0.7817,0.7767,0.8064,0.7932,0.8016,0.6984,0.7738,0.7426,0.7673,0.7359,0.7621,0.8438,0.7260,0.7895,0.7916,0.8002,0.7875,1.0000,0.7962,0.7437,0.7667,0.8000,0.7591,0.7754,0.7877,0.8115,0.7542
R092,0.0732,0.1225,0.1325,0.0735,0.1108,0.0879,0.0367,0.1113,0.0792,0.0501,0.0941,0.0071,0.0231,0.0876,0.0344,0.0605,0.0079,0.0666,0.0870,0.0949,0.0035,-0.0051,0.0910,0.1208,0.0253,0.1451,0.0960,0.0532,0.0258,-0.0472,0.1097,-0.1091,0.0100,0.0999,-0.0738,0.0102,-0.0647,-0.0307,0.2172,0.2355,0.2198,0.0686,0.0435,0.0920,0.2185,-0.0032,0.1120,0.1217,0.0915,0.1601,0.0409,-0.0087,0.0652,0.0650,0.1541,0.0129,-0.0886,0.0535,-0.0437,-0.0019,-0.0759,0.0673,0.0310,-0.0493,-0.1350,0.0212,-0.0246,0.0309,0.0033,0.0461,0.8565,0.8337,0.8070,0.8106,0.8454,0.8307,0.8440,0.8245,0.7854,0.8483,0.8265,0.7695,0.7592,0.8096,0.8556,0.7808,0.8505,0.8646,0.8464,0.8445,0.7962,1.0000,0.8123,0.8144,0.8183,0.8194,0.8378,0.8416,0.8081,0.8225
R093,0.0559,0.1315,0.0794,0.0420,0.0666,0.0512,-0.0136,0.1183,0.0305,0.0094,0.0527,-0.0219,-0.0206,0.0743,0.0156,0.0450,-0.0311,0.0688,0.0376,0.0908,-0.0185,0.0041,0.0701,0.1335,0.0448,0.1342,0.2262,0.2126,0.2093,0.1576,0.2765,0.1239,0.2288,0.2563,0.0992,0.1758,0.1146,0.1382,0.1966,0.1969,0.1778,0.0539,0.0031,0.0562,0.1878,-0.0256,0.0354,0.0941,0.0483,0.0439,0.0461,0.0166,0.1015,0.1111,0.1117,0.0380,-0.0686,0.0632,0.0102,0.0345,-0.0004,0.1137,0.0592,0.0002,-0.0992,0.0602,0.0191,0.0581,0.0570,0.0410,0.8561,0.8495,0.8048,0.8146,0.8439,0.8266,0.8657,0.7913,0.8096,0.7400,0.8259,0.7941,0.7663,0.8099,0.8296,0.7994,0.8164,0.8646,0.8112,0.8252,0.7437,0.8123,1.0000,0.8115,0.8116,0.8460,0.8332,0.8363,0.7989,0.8263
R094,0.1348,0.1905,0.2075,0.0992,0.1833,0.1192,0.1245,0.2039,0.1478,0.1314,0.1584,0.0932,0.0862,0.1489,0.1947,0.2109,0.1676,0.2294,0.2394,0.2587,0.1630,0.1564,0.2155,0.3076,0.2037,0.3014,0.2197,0.2245,0.1453,0.1365,0.2413,0.0750,0.1761,0.2625,0.0508,0.1433,0.0786,0.1342,0.1054,0.1838,0.1104,-0.0239,-0.0689,0.0065,0.1220,-0.0742,0.0215,0.0653,-0.0126,0.0007,0.0632,0.0511,0.1502,0.1028,0.1155,0.0714,0.0791,0.1441,0.1010,0.1215,0.0861,0.2395,0.1551,0.1191,0.0303,0.1942,0.1289,0.1468,0.1310,0.1629,0.8084,0.8056,0.7555,0.8139,0.8168,0.8458,0.8254,0.7667,0.7940,0.7310,0.7806,0.7810,0.7473,0.7881,0.8294,0.7617,0.8562,0.8152,0.8589,0.8341,0.7667,0.8144,0.8115,1.0000,0.8059,0.8107,0.8477,0.8154,0.7799,0.8180
R095,0.1503,0.2103,0.2386,0.1484,0.2214,0.1614,0.1430,0.1977,0.1676,0.1259,0.1923,0.1075,0.1048,0.1874,0.1531,0.1651,0.1297,0.2029,0.1882,0.1959,0.1498,0.1308,0.2071,0.2580,0.1684,0.2607,0.2107,0.1847,0.1441,0.0996,0.2023,0.0281,0.1157,0.2202,-0.0086,0.1647,0.0433,0.0972,0.1895,0.2261,0.1812,0.0714,0.0184,0.0782,0.1880,-0.0089,0.0791,0.1259,0.0899,0.0794,0.2031,0.1904,0.2617,0.2029,0.2893,0.1951,0.0480,0.1464,0.1151,0.1309,0.1017,0.2313,0.1235,0.1107,0.0210,0.1707,0.0988,0.1476,0.1344,0.1552,0.8824,0.8164,0.8024,0.8232,0.8713,0.8477,0.8206,0.8138,0.8134,0.7776,0.8070,0.8169,0.7916,0.8322,0.8560,0.8040,0.8607,0.8235,0.8345,0.8459,0.8000,0.8183,0.8116,0.8059,1.0000,0.8234,0.8476,0.8229,0.8298,0.8321
R096,0.0259,0.1109,0.0710,0.0400,0.0585,0.0361,-0.0206,0.0818,0.0282,-0.0379,0.0239,-0.0172,-0.0561,0.0387,-0.0172,0.0223,-0.0618,0.0405,0.0296,0.0292,-0.0377,-0.0234,0.0488,0.0833,0.0104,0.1008,0.2309,0.1676,0.1552,0.1256,0.2307,0.0254,0.1887,0.2242,0.0549,0.1289,0.0942,0.1150,0.2468,0.2650,0.2186,0.0958,0.0605,0.1121,0.2285,0.0253,0.0871,0.1352,0.1202,0.1098,0.0935,0.0547,0.1313,0.0966,0.1848,0.0687,-0.0378,0.0430,-0.0136,0.0058,0.0027,0.1137,0.0395,-0.0074,-0.0913,0.0657,0.0378,0.0910,0.0751,0.0429,0.8507,0.8448,0.7882,0.8085,0.8271,0.8188,0.8376,0.7945,0.8151,0.7862,0.8128,0.7830,0.7720,0.7908,0.8224,0.8022,0.8340,0.8433,0.8295,0.8305,0.7591,0.8194,0.8460,0.8107,0.8234,1.0000,0.8140,0.8414,0.8078,0.8391
R097,0.0935,0.1625,0.1426,0.0862,0.1129,0.1034,0.0648,0.1377,0.0750,0.0655,0.1158,0.0408,0.0390,0.1013,0.0446,0.0935,0.0340,0.0858,0.0788,0.1090,0.0417,0.0257,0.0923,0.1795,0.0577,0.1506,0.0931,0.0879,0.0645,-0.0023,0.1255,-0.0421,0.0556,0.1199,-0.0696,0.0581,-0.0395,-0.0150,0.1917,0.2175,0.1778,0.0323,0.0052,0.0366,0.1978,-0.0286,0.0615,0.0834,0.0658,0.1001,0.0178,-0.0175,0.0699,0.0608,0.1490,-0.0063,-0.0297,0.1161,0.0666,0.0878,0.0344,0.1649,0.0929,0.0357,-0.0322,0.1073,0.0587,0.1062,0.0705,0.1347,0.8698,0.8634,0.8178,0.8116,0.8798,0.8578,0.8669,0.8261,0.8082,0.7939,0.8130,0.7834,0.7852,0.8573,0.8540,0.8229,0.8456,0.8483,0.8860,0.8693,0.7754,0.8378,0.8332,0.8477,0.8476,0.8140,1.0000,0.8412,0.8419,0.8472
R098,0.1469,0.2152,0.1863,0.1688,0.1424,0.1642,0.1115,0.1947,0.1196,0.1381,0.1792,0.0924,0.0552,0.1402,0.0048,0.0287,-0.0279,0.0236,0.0329,0.0493,-0.0359,-0.0169,0.0422,0.1152,0.0230,0.0925,0.1949,0.1676,0.1563,0.0974,0.1996,0.0174,0.1435,0.2239,0.0478,0.1413,0.0844,0.0893,0.2978,0.3136,0.2906,0.1712,0.1366,0.1710,0.3276,0.1110,0.1413,0.2243,0.1953,0.1955,0.0411,0.0260,0.1032,0.1310,0.2044,0.0402,0.0620,0.1783,0.1005,0.1143,0.1091,0.2179,0.1252,0.0712,-0.0034,0.1444,0.0953,0.1610,0.1343,0.1464,0.8865,0.8359,0.8189,0.8362,0.8400,0.8093,0.8405,0.8260,0.8340,0.7948,0.8591,0.7929,0.7682,0.8256,0.8406,0.8350,0.8439,0.8633,0.8484,0.8325,0.7877,0.8416,0.8363,0.8154,0.8229,0.8414,0.8412,1.0000,0.8296,0.8638
R099,0.1285,0.2078,0.2041,0.1491,0.1823,0.1377,0.0671,0.1637,0.1670,0.1040,0.1586,0.1255,0.0714,0.1573,0.1696,0.1931,0.1293,0.1909,0.1986,0.2206,0.1399,0.1221,0.2328,0.2624,0.1742,0.2506,0.1614,0.1268,0.0694,0.0674,0.1263,-0.0295,0.0853,0.1562,-0.0421,0.0909,0.0112,0.0428,0.2682,0.3113,0.2842,0.1318,0.0671,0.1441,0.2567,0.0850,0.1631,0.2013,0.1626,0.1676,0.1397,0.1165,0.1924,0.1467,0.2642,0.1122,-0.0460,0.0718,0.0021,0.0452,-0.0264,0.1139,0.0635,-0.0274,-0.0827,0.0665,-0.0010,0.0607,0.0597,0.0699,0.8669,0.8600,0.8423,0.8133,0.8417,0.8440,0.8468,0.8151,0.7681,0.8113,0.8212,0.8046,0.7966,0.7941,0.8684,0.7914,0.8261,0.8074,0.8214,0.8528,0.8115,0.8081,0.7989,0.7799,0.8298,0.8078,0.8419,0.8296,1.0000,0.7865
R100,0.1318,0.2082,0.1762,0.1551,0.1794,0.1713,0.1235,0.2158,0.1490,0.1195,0.1898,0.0904,0.0795,0.1748,0.0684,0.0938,0.0154,0.0827,0.0678,0.0846,0.0179,0.0392,0.0814,0.1535,0.0554,0.1383,0.2861,0.2731,0.2403,0.1496,0.2841,0.1062,0.1780,0.2817,0.1073,0.2177,0.1570,0.1460,0.2243,0.2175,0.2081,0.0862,0.0374,0.0716,0.2227,0.0043,0.0636,0.1226,0.0912,0.0918,0.0878,0.0767,0.1564,0.1492,0.2016,0.0712,0.0756,0.2000,0.1306,0.1727,0.1544,0.2486,0.1813,0.1315,0.0477,0.1846,0.1684,0.2164,0.1601,0.2123,0.8331,0.8029,0.7952,0.8158,0.8600,0.8254,0.8319,0.8059,0.8384,0.7562,0.7999,0.7597,0.8041,0.8214,0.8247,0.7918,0.8449,0.8387,0.8136,0.8394,0.7542,0.8225,0.8263,0.8180,0.8321,0.8391,0.8472,0.8638,0.7865,1.0000
